cid,iupac_name,smiles_canonical,molecular_formula,hydrogen_bond_acceptors,hydrogen_bond_donors,rotatable_bonds,log_p,molecular_weight,heavy_atom_count,polar_surface_area,atom_surface_coefficient,no_lipinski_violations,actividad_predicha,probabilidad_leishmania,tanimoto_similarity,cosine_similarity,combined_75
4141605,N-(1H-benzimidazol-2-yl)-5-chloro-2-hydroxy-benzamide,C1=CC=C2C(=C1)NC(=N2)NC(=O)C3=C(C=CC(=C3)Cl)O,C14H10ClN3O2,3,3,2,3.1742000000000004,287.04615423999996,20,78.01,0.2563773875144212,0,Alta,0.818,0.2307692307692307,0.9182614175358316,0.7463883708441813
168266498,2-[(1H-benzimidazol-2-ylamino)methyl]-4-nitro-phenol,C1=CC=C2C(=C1)NC(=N2)NCC3=C(C=CC(=C3)[N+](=O)[O-])O,C14H12N4O3,5,3,4,2.7888000000000006,284.09094024399997,21,104.08,0.2017678708685626,0,Media,0.788,0.3548387096774194,0.9476954458995106,0.7994812618439878
86794349,5-chloro-1-methyl-N-[(2-methylpyrazol-3-yl)methyl]benzimidazol-2-amine,CN1C2=C(C=C(C=C2)Cl)N=C1NCC3=CC=NN3C,C13H14ClN5,5,1,3,2.5723000000000003,275.093773128,19,47.67,0.3985735263268303,0,Media,0.732,0.3620689655172414,0.9195672725699422,0.780192695806767
35280468,3-chloro-N-(1-methylbenzimidazol-2-yl)benzamide,CN1C2=CC=CC=C2N=C1NC(=O)C3=CC(=CC=C3)Cl,C15H12ClN3O,3,1,2,3.479000000000002,285.066889684,20,46.92,0.4262574595055413,0,Media,0.728,0.3859649122807017,0.9763817561324676,0.8287775451695262
16012600,N-[(3-chlorophenyl)methyl]-1-methyl-benzimidazol-2-amine,CN1C2=CC=CC=C2N=C1NCC3=CC(=CC=C3)Cl,C15H14ClN3,3,1,3,3.838800000000002,271.08762512799996,19,29.85,0.6365159128978224,0,Media,0.718,0.5098039215686274,0.9693119261114194,0.8544349249757214
102040424,N-methyl-2-[(1-methylbenzimidazol-2-yl)methyleneamino]aniline,CNC1=CC=CC=C1N=CC2=NC3=CC=CC=C3N2C,C16H16N4,4,1,3,3.3656000000000015,264.137496512,20,42.21,0.4738213693437574,0,Media,0.716,0.3103448275862069,0.9553294803039448,0.7940833171245104
16653128,N-[(4-chlorophenyl)methyl]-1H-benzimidazol-2-amine,C1=CC=C2C(=C1)NC(=N2)NCC3=CC=C(C=C3)Cl,C14H12ClN3,2,2,3,3.828400000000001,257.071975064,18,40.71,0.4421518054532056,0,Media,0.712,0.2166666666666666,0.8980948060645924,0.727737771215111
16488540,1-allyl-N-[(3-chlorophenyl)methyl]benzimidazol-2-amine,C=CCN1C2=CC=CC=C2N=C1NCC3=CC(=CC=C3)Cl,C17H16ClN3,3,1,5,4.487800000000003,297.10327519199996,21,29.85,0.7035175879396984,0,Media,0.71,0.3387096774193548,0.9263235887337736,0.7794201109051688
975441,1-allyl-N-[(4-methoxyphenyl)methyl]benzimidazol-2-amine,COC1=CC=C(C=C1)CNC2=NC3=CC=CC=C3N2CC=C,C18H19N3O,4,1,6,3.843000000000002,293.152812228,22,39.08,0.5629477993858751,0,Media,0.708,0.3442622950819672,0.9330666279645554,0.7858655447439085
4247652,"N-(1H-benzimidazol-2-yl)-3,5-dichloro-2-hydroxy-benzamide",C1=CC=C2C(=C1)NC(=N2)NC(=O)C3=C(C(=CC(=C3)Cl)Cl)O,C14H9Cl2N3O2,3,3,2,3.827600000000001,321.007181888,21,78.01,0.2691962568901422,0,Media,0.704,0.1911764705882352,0.9281929883745224,0.7439388589279505
2583692,N-(1H-benzimidazol-2-yl)-3-iodo-benzamide,C1=CC=C2C(=C1)NC(=N2)NC(=O)C3=CC(=CC=C3)I,C14H10IN3O,2,2,2,3.4198000000000013,362.98685994,19,57.78,0.3288335064035999,0,Media,0.704,0.1818181818181818,0.8948142283730449,0.716565216734329
16012602,N-[(3-chlorophenyl)methyl]-1-ethyl-benzimidazol-2-amine,CCN1C2=CC=CC=C2N=C1NCC3=CC(=CC=C3)Cl,C16H16ClN3,3,1,4,4.3217000000000025,285.10327519199996,20,29.85,0.6700167504187604,0,Media,0.698,0.3793103448275862,0.9473913355664711,0.8053710878817499
2083985,N-(1H-benzimidazol-2-yl)-3-bromo-benzamide,C1=CC=C2C(=C1)NC(=N2)NC(=O)C3=CC(=CC=C3)Br,C14H10BrN3O,2,2,2,3.577700000000001,315.00072403999997,19,57.78,0.3288335064035999,0,Media,0.698,0.2580645161290322,0.900276519386916,0.7397235185724451
4915638,6-chloro-N-(2-pyridylmethyl)-1H-benzimidazol-2-amine,C1=CC=NC(=C1)CNC2=NC3=C(N2)C=C(C=C3)Cl,C13H11ClN4,3,2,3,3.2234000000000007,258.067224032,18,53.6,0.335820895522388,0,Media,0.698,0.1969696969696969,0.967232872846096,0.7746670788769962
7013068,1-allyl-N-[(4-chlorophenyl)methyl]benzimidazol-2-amine,C=CCN1C2=CC=CC=C2N=C1NCC3=CC=C(C=C3)Cl,C17H16ClN3,3,1,5,4.487800000000003,297.10327519199996,21,29.85,0.7035175879396984,0,Media,0.694,0.3389830508474576,0.9263235887337736,0.7794884542621945
747511,4-fluoro-N-(1-methylbenzimidazol-2-yl)benzamide,CN1C2=CC=CC=C2N=C1NC(=O)C3=CC=C(C=C3)F,C15H12FN3O,3,1,2,2.9647000000000014,269.096440224,20,46.92,0.4262574595055413,0,Media,0.692,0.3818181818181818,0.9760095339271008,0.827461695899871
139799983,2-[(E)-2-(2-chlorophenyl)vinyl]-1-methyl-benzimidazole,CN1C2=CC=CC=C2N=C1C=CC3=CC=CC=C3Cl,C16H13ClN2,2,0,2,4.397100000000003,268.076726096,19,17.82,1.0662177328843996,0,Media,0.69,0.3035714285714285,0.6400279893106426,0.5559138491258391
135451339,2-methoxy-6-[(E)-(1-methylbenzimidazol-2-yl)iminomethyl]phenol,CN1C2=CC=CC=C2N=C1N=CC3=C(C(=CC=C3)OC)O,C16H15N3O2,5,1,3,3.0381000000000022,281.11642672,21,59.64,0.352112676056338,0,Media,0.686,0.3015873015873015,0.92672993646085,0.7704442777424627
16653129,N-[(4-methoxyphenyl)methyl]-1H-benzimidazol-2-amine,COC1=CC=C(C=C1)CNC2=NC3=CC=CC=C3N2,C15H15N3O,3,2,4,3.183600000000001,253.1215121,19,49.94,0.3804565478574289,0,Media,0.682,0.2258064516129032,0.9681050903408464,0.7825304306588606
923827,N-(2-phenylethyl)-1H-benzimidazol-2-amine,C1=CC=C(C=C1)CCNC2=NC3=CC=CC=C3N2,C15H15N3,2,2,4,3.217500000000001,237.12659748,18,40.71,0.4421518054532056,0,Media,0.68,0.2033898305084746,0.8871147748935173,0.7161835387972566
135421622,2-[(E)-1H-benzimidazol-2-yliminomethyl]-4-bromo-phenol,C1=CC=C2C(=C1)NC(=N2)N=CC3=C(C=CC(=C3)Br)O,C14H10BrN3O,3,2,2,3.7816000000000014,315.00072403999997,19,61.27,0.3101028235678146,0,Media,0.678,0.3166666666666666,0.96886306809052,0.8058139677345566
793690,2-[(1-methylbenzimidazol-2-yl)methyleneamino]phenol,CN1C2=CC=CC=C2N=C1C=NC3=CC=CC=C3O,C15H13N3O,4,1,2,3.029500000000002,251.105862036,19,50.41,0.3769093433842492,0,Media,0.674,0.3703703703703703,0.9478181628128822,0.8034562147022543
936788,N-[(4-chlorophenyl)methyl]-1-methyl-benzimidazol-2-amine,CN1C2=CC=CC=C2N=C1NCC3=CC=C(C=C3)Cl,C15H14ClN3,3,1,3,3.838800000000002,271.08762512799996,19,29.85,0.6365159128978224,0,Media,0.672,0.5102040816326531,0.9693119261114194,0.8545349649917278
3640001,1-butyl-N-[(4-chlorophenyl)methyl]benzimidazol-2-amine,CCCCN1C2=CC=CC=C2N=C1NCC3=CC=C(C=C3)Cl,C18H20ClN3,3,1,6,5.101900000000004,313.13457532,22,29.85,0.7370184254606365,1,Media,0.67,0.3793103448275862,0.8897424745825406,0.7621344421438021
2773160,1-methyl-2-styryl-benzimidazole,CN1C2=CC=CC=C2N=C1C=CC3=CC=CC=C3,C16H14N2,2,0,2,3.7437000000000022,234.115698448,18,17.82,1.0101010101010102,0,Media,0.67,0.3269230769230769,0.6690498455849119,0.5835181534194532
5708370,1-methyl-2-[(E)-styryl]benzimidazole,CN1C2=CC=CC=C2N=C1C=CC3=CC=CC=C3,C16H14N2,2,0,2,3.7437000000000022,234.115698448,18,17.82,1.0101010101010102,0,Media,0.67,0.3269230769230769,0.6690498455849119,0.5835181534194532
1087007,N-[(4-methoxyphenyl)methyl]-1-methyl-benzimidazol-2-amine,CN1C2=CC=CC=C2N=C1NCC3=CC=C(C=C3)OC,C16H17N3O,4,1,4,3.1940000000000017,267.137162164,20,39.08,0.5117707267144319,0,Media,0.666,0.4901960784313725,0.95089161396002,0.8357177300778581
951158,2-[[(1-allylbenzimidazol-2-yl)amino]methyl]-4-chloro-phenol,C=CCN1C2=CC=CC=C2N=C1NCC3=C(C=CC(=C3)Cl)O,C17H16ClN3O,4,2,5,4.193400000000003,313.09818981199993,22,50.08,0.4392971246006389,0,Media,0.662,0.5087719298245614,0.9898647715701666,0.8695915611337652
787413,2-[(1H-benzimidazol-2-ylamino)methyl]-4-chloro-phenol,C1=CC=C2C(=C1)NC(=N2)NCC3=C(C=CC(=C3)Cl)O,C14H12ClN3O,3,3,3,3.534000000000001,273.066889684,19,60.94,0.3117820807351493,0,Media,0.662,0.3859649122807017,0.931396708584378,0.7950387595084588
135449547,4-chloro-2-[(E)-(1-methylbenzimidazol-2-yl)iminomethyl]phenol,CN1C2=CC=CC=C2N=C1N=CC3=C(C=CC(=C3)Cl)O,C15H12ClN3O,4,1,2,3.6829000000000023,285.06688968399993,20,50.41,0.3967466772465781,0,Media,0.66,0.3728813559322034,0.9583089366284814,0.8119520414544119
658375,4-chloro-2-[(1-methylbenzimidazol-2-yl)iminomethyl]phenol,CN1C2=CC=CC=C2N=C1N=CC3=C(C=CC(=C3)Cl)O,C15H12ClN3O,4,1,2,3.6829000000000023,285.06688968399993,20,50.41,0.3967466772465781,0,Media,0.66,0.3728813559322034,0.9583089366284814,0.8119520414544119
975300,N-[(4-chlorophenyl)methyl]-1-isopropyl-benzimidazol-2-amine,CC(C)N1C2=CC=CC=C2N=C1NCC3=CC=C(C=C3)Cl,C17H18ClN3,3,1,4,4.882700000000003,299.11892525599995,21,29.85,0.7035175879396984,0,Media,0.654,0.375,0.9247590799989563,0.7873193099992173
13018814,N-(2-pyridylmethyl)-1H-benzimidazol-2-amine,C1=CC=C2C(=C1)NC(=N2)NCC3=CC=CC=N3,C13H12N4,3,2,3,2.5700000000000003,224.106196384,17,53.6,0.3171641791044776,0,Media,0.652,0.2166666666666666,0.9413824318560292,0.7602034905586885
828723,1-methyl-N-(2-pyridylmethyl)benzimidazol-2-amine,CN1C2=CC=CC=C2N=C1NCC3=CC=CC=N3,C14H14N4,4,1,3,2.5804,238.121846448,18,42.74,0.4211511464670098,0,Media,0.648,0.5102040816326531,0.9383068791016248,0.8312811797343818
136275329,2-(1H-benzimidazol-2-ylmethyleneamino)-4-chloro-phenol,C1=CC=C2C(=C1)NC(=N2)C=NC3=C(C=CC(=C3)Cl)O,C14H10ClN3O,3,2,2,3.6725000000000017,271.05123962,19,61.27,0.3101028235678146,0,Media,0.648,0.2153846153846154,0.9620899171971412,0.7754135917440098
677973,2-[(1-methylbenzimidazol-2-yl)iminomethyl]phenol,CN1C2=CC=CC=C2N=C1N=CC3=CC=CC=C3O,C15H13N3O,4,1,2,3.029500000000002,251.105862036,19,50.41,0.3769093433842492,0,Media,0.644,0.3636363636363636,0.9478181628128822,0.8017727130187526
135641156,2-[(E)-(1-methylbenzimidazol-2-yl)iminomethyl]phenol,CN1C2=CC=CC=C2N=C1N=CC3=CC=CC=C3O,C15H13N3O,4,1,2,3.029500000000002,251.105862036,19,50.41,0.3769093433842492,0,Media,0.644,0.3636363636363636,0.9478181628128822,0.8017727130187526
655776,1-allyl-N-benzyl-benzimidazol-2-amine,C=CCN1C2=CC=CC=C2N=C1NCC3=CC=CC=C3,C17H17N3,3,1,5,3.8344000000000023,263.142247544,20,29.85,0.6700167504187604,0,Media,0.644,0.3636363636363636,0.941815344971026,0.7972705996373606
808020,1-methyl-N-(4-pyridylmethyl)benzimidazol-2-amine,CN1C2=CC=CC=C2N=C1NCC3=CC=NC=C3,C14H14N4,4,1,3,2.580400000000001,238.121846448,18,42.74,0.4211511464670098,0,Media,0.642,0.5208333333333334,0.9383068791016248,0.8339384926595519
7342829,1-allyl-N-(p-tolylmethyl)benzimidazol-2-amine,CC1=CC=C(C=C1)CNC2=NC3=CC=CC=C3N2CC=C,C18H19N3,3,1,5,4.142820000000003,277.15789760800004,21,29.85,0.7035175879396984,0,Media,0.642,0.3620689655172414,0.9322414858082256,0.7896983557354795
3878101,4-bromo-2-[[(3-hexyl-1H-benzimidazol-3-ium-2-yl)amino]methyl]phenolate,CCCCCC[N+]1=C(NC2=CC=CC=C21)NCC3=C(C=CC(=C3)Br)[O-],C20H24BrN3O,2,2,8,4.483900000000003,401.110274488,25,54.75999999999999,0.4565376186997809,0,Media,0.642,0.2714285714285714,0.8371011932867246,0.6956830378221863
4647637,4-bromo-2-[[(3-heptyl-1H-benzimidazol-3-ium-2-yl)amino]methyl]phenolate,CCCCCCC[N+]1=C(NC2=CC=CC=C21)NCC3=C(C=CC(=C3)Br)[O-],C21H26BrN3O,2,2,9,4.874000000000004,415.125924552,26,54.75999999999999,0.4747991234477722,0,Media,0.642,0.2714285714285714,0.8171557404788146,0.6807239482162537
3978842,4-bromo-2-[[(3-octyl-1H-benzimidazol-3-ium-2-yl)amino]methyl]phenolate,CCCCCCCC[N+]1=C(NC2=CC=CC=C21)NCC3=C(C=CC(=C3)Br)[O-],C22H28BrN3O,2,2,10,5.264100000000004,429.141574616,27,54.75999999999999,0.4930606281957634,1,Media,0.642,0.2714285714285714,0.7971058757637723,0.6656865496799721
4016874,4-bromo-2-[[(3-nonyl-1H-benzimidazol-3-ium-2-yl)amino]methyl]phenolate,CCCCCCCCC[N+]1=C(NC2=CC=CC=C21)NCC3=C(C=CC(=C3)Br)[O-],C23H30BrN3O,2,2,11,5.654200000000005,443.15722468,28,54.75999999999999,0.5113221329437546,1,Media,0.642,0.2714285714285714,0.7774292248007151,0.6509290614576791
3905491,4-bromo-2-[[(3-decyl-1H-benzimidazol-3-ium-2-yl)amino]methyl]phenolate,CCCCCCCCCC[N+]1=C(NC2=CC=CC=C21)NCC3=C(C=CC(=C3)Br)[O-],C24H32BrN3O,2,2,12,6.044300000000006,457.172874744,29,54.75999999999999,0.5295836376917459,1,Media,0.642,0.2714285714285714,0.7584276729410424,0.6366778975629246
4644694,4-bromo-2-[[(3-hexadecyl-1H-benzimidazol-3-ium-2-yl)amino]methyl]phenolate,CCCCCCCCCCCCCCCC[N+]1=C(NC2=CC=CC=C21)NCC3=C(C=CC(=C3)Br)[O-],C30H44BrN3O,2,2,18,8.384900000000005,541.266775128,35,54.75999999999999,0.6391526661796934,2,Media,0.642,0.2714285714285714,0.663789448531208,0.5656992292555488
16653127,N-(p-tolylmethyl)-1H-benzimidazol-2-amine,CC1=CC=C(C=C1)CNC2=NC3=CC=CC=C3N2,C15H15N3,2,2,3,3.4834200000000015,237.12659748,18,40.71,0.4421518054532056,0,Media,0.64,0.2372881355932203,0.8910652978427946,0.727621007280401
7013069,N-[(4-bromophenyl)methyl]-1-isopropyl-benzimidazol-2-amine,CC(C)N1C2=CC=CC=C2N=C1NCC3=CC=C(C=C3)Br,C17H18BrN3,3,1,4,4.991800000000003,343.068409676,21,29.85,0.7035175879396984,0,Media,0.638,0.4807692307692308,0.9155105971754482,0.806825255573894
709563,1-allyl-N-[(2-methoxyphenyl)methyl]benzimidazol-2-amine,COC1=CC=CC=C1CNC2=NC3=CC=CC=C3N2CC=C,C18H19N3O,4,1,6,3.843000000000002,293.152812228,22,39.08,0.5629477993858751,0,Media,0.638,0.3833333333333333,0.9330666279645554,0.7956333043067499
563446,N-benzyl-1H-benzimidazol-2-amine,C1=CC=C(C=C1)CNC2=NC3=CC=CC=C3N2,C14H13N3,2,2,3,3.1750000000000007,223.110947416,17,40.71,0.4175878162613608,0,Media,0.638,0.2321428571428571,0.8770497597705642,0.7158230341136375
828727,1-propyl-N-(2-pyridylmethyl)benzimidazol-2-amine,CCCN1C2=CC=CC=C2N=C1NCC3=CC=CC=N3,C16H18N4,4,1,5,3.453400000000001,266.153146576,20,42.74,0.4679457182966776,0,Media,0.636,0.3859649122807017,0.9465450961071564,0.8064000501505427
7013067,N-[(4-chlorophenyl)methyl]-1-ethyl-benzimidazol-2-amine,CCN1C2=CC=CC=C2N=C1NCC3=CC=C(C=C3)Cl,C16H16ClN3,3,1,4,4.3217000000000025,285.10327519199996,20,29.85,0.6700167504187604,0,Media,0.636,0.3818181818181818,0.9473913355664711,0.8059980471293988
1090103,N-[(4-ethoxyphenyl)methyl]-1-methyl-benzimidazol-2-amine,CCOC1=CC=C(C=C1)CNC2=NC3=CC=CC=C3N2C,C17H19N3O,4,1,5,3.584100000000002,281.152812228,21,39.08,0.5373592630501536,0,Media,0.634,0.4716981132075472,0.945171767534095,0.8268033539524581
3926207,N-[(4-methoxyphenyl)methyl]-1-propyl-benzimidazol-2-amine,CCCN1C2=CC=CC=C2N=C1NCC3=CC=C(C=C3)OC,C18H21N3O,4,1,6,4.067000000000003,295.168462292,22,39.08,0.5629477993858751,0,Media,0.634,0.3793103448275862,0.9322117122276248,0.7939863703776151
1087008,1-ethyl-N-[(4-methoxyphenyl)methyl]benzimidazol-2-amine,CCN1C2=CC=CC=C2N=C1NCC3=CC=C(C=C3)OC,C17H19N3O,4,1,5,3.6769000000000016,281.152812228,21,39.08,0.5373592630501536,0,Media,0.632,0.3684210526315789,0.9449197991740252,0.8007951125384135
3569370,4-bromo-2-[[(3-methyl-1H-benzimidazol-3-ium-2-yl)amino]methyl]phenolate,C[N+]1=C(NC2=CC=CC=C21)NCC3=C(C=CC(=C3)Br)[O-],C15H14BrN3O,2,2,3,2.4406,331.03202416799996,20,54.75999999999999,0.3652300949598247,0,Media,0.632,0.3064516129032258,0.8979532246180084,0.7500778216893128
583995,N-(1H-benzimidazol-2-yl)-2-hydroxy-benzamide,C1=CC=C(C(=C1)C(=O)NC2=NC3=CC=CC=C3N2)O,C14H11N3O2,3,3,2,2.5208,253.085126592,19,78.01,0.2435585181387001,0,Media,0.63,0.2131147540983606,0.9005596165741344,0.728698400955191
44274461,"3,5-dibromo-N-(6-chloro-1H-benzimidazol-2-yl)-2-hydroxy-benzamide",C1=CC2=C(C=C1Cl)NC(=N2)NC(=O)C3=C(C(=CC(=C3)Br)Br)O,C14H8Br2ClN3O2,3,3,2,4.699200000000001,442.867178376,22,78.01,0.2820151262658633,0,Media,0.63,0.1830985915492957,0.9253051397796952,0.7397535027220954
130275021,5-bromo-N-(6-bromo-1H-benzimidazol-2-yl)-2-hydroxy-benzamide,C1=CC2=C(C=C1Br)NC(=N2)NC(=O)C3=C(C=CC(=C3)Br)O,C14H9Br2N3O2,3,3,2,4.045800000000002,408.906150728,21,78.01,0.2691962568901422,0,Media,0.628,0.2786885245901639,0.9296882764008148,0.7669383384481521
60728915,N-(m-tolylmethyl)-1H-benzimidazol-2-amine,CC1=CC(=CC=C1)CNC2=NC3=CC=CC=C3N2,C15H15N3,2,2,3,3.4834200000000015,237.12659748,18,40.71,0.4421518054532056,0,Media,0.628,0.2459016393442623,0.8910652978427946,0.7297743832181616
938000,N-[(3-methoxyphenyl)methyl]-1-methyl-benzimidazol-2-amine,CN1C2=CC=CC=C2N=C1NCC3=CC(=CC=C3)OC,C16H17N3O,4,1,4,3.1940000000000017,267.137162164,20,39.08,0.5117707267144319,0,Media,0.626,0.490566037735849,0.95089161396002,0.8358102199039772
135641157,2-[(E)-(1-ethylbenzimidazol-2-yl)iminomethyl]phenol,CCN1C2=CC=CC=C2N=C1N=CC3=CC=CC=C3O,C16H15N3O,4,1,3,3.512400000000002,265.1215121,20,50.41,0.3967466772465781,0,Media,0.626,0.3,0.9545298315275568,0.7908973736456675
4399158,2-[(1-ethylbenzimidazol-2-yl)iminomethyl]phenol,CCN1C2=CC=CC=C2N=C1N=CC3=CC=CC=C3O,C16H15N3O,4,1,3,3.512400000000002,265.1215121,20,50.41,0.3967466772465781,0,Media,0.626,0.3,0.9545298315275568,0.7908973736456675
937645,N-[(4-bromophenyl)methyl]-1-methyl-benzimidazol-2-amine,CN1C2=CC=CC=C2N=C1NCC3=CC=C(C=C3)Br,C15H14BrN3,3,1,3,3.9479000000000024,315.037109548,19,29.85,0.6365159128978224,0,Media,0.624,0.6444444444444445,0.9648805147431052,0.8847714971684401
975633,N-[[4-(dimethylamino)phenyl]methyl]-1-isopropyl-benzimidazol-2-amine,CC(C)N1C2=CC=CC=C2N=C1NCC3=CC=C(C=C3)N(C)C,C19H24N4,4,1,5,4.295300000000003,308.200096768,23,33.09,0.6950740404956179,0,Media,0.624,0.3620689655172414,0.92516189765028,0.7843886646170205
932019,"N-[(2,4-dimethoxyphenyl)methyl]-1-methyl-benzimidazol-2-amine",CN1C2=CC=CC=C2N=C1NCC3=C(C=C(C=C3)OC)OC,C17H19N3O2,5,1,5,3.2026000000000012,297.147726848,22,48.31,0.4553922583316083,0,Media,0.622,0.5283018867924528,0.926248990661825,0.826762214694482
666751,N-benzyl-6-methoxy-1H-benzimidazol-2-amine,COC1=CC2=C(C=C1)N=C(N2)NCC3=CC=CC=C3,C15H15N3O,3,2,4,3.183600000000001,253.1215121,19,49.94,0.3804565478574289,0,Media,0.622,0.21875,0.9681050903408464,0.7807663177556349
937758,"N-[(2,5-dimethoxyphenyl)methyl]-1-methyl-benzimidazol-2-amine",CN1C2=CC=CC=C2N=C1NCC3=C(C=CC(=C3)OC)OC,C17H19N3O2,5,1,5,3.2026000000000012,297.147726848,22,48.31,0.4553922583316083,0,Media,0.62,0.5283018867924528,0.926248990661825,0.826762214694482
929874,2-[[(1-allylbenzimidazol-2-yl)amino]methyl]-5-methoxy-phenol,COC1=CC(=C(C=C1)CNC2=NC3=CC=CC=C3N2CC=C)O,C18H19N3O2,5,2,6,3.5486000000000018,309.147726848,23,59.31,0.3877929522846063,0,Media,0.62,0.4354838709677419,0.9796536885694752,0.8436112341690418
828725,1-ethyl-N-(2-pyridylmethyl)benzimidazol-2-amine,CCN1C2=CC=CC=C2N=C1NCC3=CC=CC=N3,C15H16N4,4,1,4,3.063300000000001,252.137496512,19,42.74,0.4445484323818436,0,Media,0.618,0.3818181818181818,0.9477084759977006,0.806235902452821
172462560,5-fluoro-N-[(4-fluorophenyl)methyl]-1-propyl-benzimidazol-2-amine,CCCN1C2=C(C=C(C=C2)F)N=C1NCC3=CC=C(C=C3)F,C17H17F2N3,3,1,5,4.3366000000000025,301.13905398400004,22,29.85,0.7370184254606365,0,Media,0.618,0.3,0.921190757286528,0.7658930679648959
929923,4-chloro-2-[[(1-isopropylbenzimidazol-2-yl)amino]methyl]phenol,CC(C)N1C2=CC=CC=C2N=C1NCC3=C(C=CC(=C3)Cl)O,C17H18ClN3O,4,2,4,4.588300000000004,315.11383987599993,22,50.08,0.4392971246006389,0,Media,0.616,0.5660377358490566,0.9909957292415736,0.8847562308934444
886111,N-benzyl-1-isopropyl-benzimidazol-2-amine,CC(C)N1C2=CC=CC=C2N=C1NCC3=CC=CC=C3,C17H19N3,3,1,4,4.229300000000003,265.157897608,20,29.85,0.6700167504187604,0,Media,0.616,0.4038461538461538,0.9461603123834844,0.8105817727491519
975900,N-[(4-chlorophenyl)methyl]-1-propyl-benzimidazol-2-amine,CCCN1C2=CC=CC=C2N=C1NCC3=CC=C(C=C3)Cl,C17H18ClN3,3,1,5,4.711800000000003,299.11892525599995,21,29.85,0.7035175879396984,0,Media,0.616,0.3928571428571428,0.9203166588903338,0.788451779882036
889581,2-[[(1-isopropylbenzimidazol-2-yl)amino]methyl]-5-methoxy-phenol,CC(C)N1C2=CC=CC=C2N=C1NCC3=C(C=C(C=C3)OC)O,C18H21N3O2,5,2,5,3.9435000000000033,311.163376912,23,59.31,0.3877929522846063,0,Media,0.614,0.4655172413793103,0.9843653415184976,0.8546533164837008
5027514,"2,4-dibromo-6-[[(3-hexyl-1H-benzimidazol-3-ium-2-yl)amino]methyl]phenolate",CCCCCC[N+]1=C(NC2=CC=CC=C21)NCC3=C(C(=CC(=C3)Br)Br)[O-],C20H23Br2N3O,2,2,8,5.246400000000004,479.020786556,26,54.75999999999999,0.4747991234477722,1,Media,0.614,0.2328767123287671,0.8091986313839568,0.6651181516201593
3289087,"2,4-dibromo-6-[[(3-heptyl-1H-benzimidazol-3-ium-2-yl)amino]methyl]phenolate",CCCCCCC[N+]1=C(NC2=CC=CC=C21)NCC3=C(C(=CC(=C3)Br)Br)[O-],C21H25Br2N3O,2,2,9,5.636500000000004,493.03643662,27,54.75999999999999,0.4930606281957634,1,Media,0.614,0.2328767123287671,0.7907377471043933,0.6512724884104867
5192641,"2,4-dibromo-6-[[(3-octyl-1H-benzimidazol-3-ium-2-yl)amino]methyl]phenolate",CCCCCCCC[N+]1=C(NC2=CC=CC=C21)NCC3=C(C(=CC(=C3)Br)Br)[O-],C22H27Br2N3O,2,2,10,6.0266000000000055,507.052086684,28,54.75999999999999,0.5113221329437546,2,Media,0.614,0.2328767123287671,0.7725233513831471,0.6376116916195521
5133042,"2,4-dibromo-6-[[(3-nonyl-1H-benzimidazol-3-ium-2-yl)amino]methyl]phenolate",CCCCCCCCC[N+]1=C(NC2=CC=CC=C21)NCC3=C(C(=CC(=C3)Br)Br)[O-],C23H29Br2N3O,2,2,11,6.416700000000006,521.067736748,29,54.75999999999999,0.5295836376917459,2,Media,0.614,0.2328767123287671,0.7548338850038573,0.6243445918350847
4024629,"2,4-dibromo-6-[[(3-hexadecyl-1H-benzimidazol-3-ium-2-yl)amino]methyl]phenolate",CCCCCCCCCCCCCCCC[N+]1=C(NC2=CC=CC=C21)NCC3=C(C(=CC(=C3)Br)Br)[O-],C30H43Br2N3O,2,2,18,9.1474,619.177287196,36,54.75999999999999,0.6574141709276845,2,Media,0.614,0.2328767123287671,0.6530305191676887,0.5479920674579584
16488528,1-allyl-N-[(2-fluorophenyl)methyl]benzimidazol-2-amine,C=CCN1C2=CC=CC=C2N=C1NCC3=CC=CC=C3F,C17H16FN3,3,1,5,3.973500000000003,281.132825732,21,29.85,0.7035175879396984,0,Media,0.61,0.3793103448275862,0.9363177918859508,0.7970659301213596
1418239,"N-[(3,4-dichlorophenyl)methyl]-1H-benzimidazol-2-amine",C1=CC=C2C(=C1)NC(=N2)NCC3=CC(=C(C=C3)Cl)Cl,C14H11Cl2N3,2,2,3,4.481800000000002,291.03300271200004,19,40.71,0.4667157946450503,0,Media,0.61,0.2258064516129032,0.8998540362306643,0.731342140076224
1090102,1-methyl-N-(p-tolylmethyl)benzimidazol-2-amine,CC1=CC=C(C=C1)CNC2=NC3=CC=CC=C3N2C,C16H17N3,3,1,3,3.4938200000000013,251.142247544,19,29.85,0.6365159128978224,0,Media,0.608,0.5208333333333334,0.9700912574920132,0.8577767764523432
3159770,1-propyl-N-(4-pyridylmethyl)benzimidazol-2-amine,CCCN1C2=CC=CC=C2N=C1NCC3=CC=NC=C3,C16H18N4,4,1,5,3.453400000000002,266.153146576,20,42.74,0.4679457182966776,0,Media,0.608,0.4,0.9465450961071564,0.8099088220803673
7342826,1-allyl-N-[(2-chlorophenyl)methyl]benzimidazol-2-amine,C=CCN1C2=CC=CC=C2N=C1NCC3=CC=CC=C3Cl,C17H16ClN3,3,1,5,4.487800000000003,297.10327519199996,21,29.85,0.7035175879396984,0,Media,0.608,0.3793103448275862,0.9263235887337736,0.7895702777572267
977629,N-[(4-ethoxyphenyl)methyl]-1-ethyl-benzimidazol-2-amine,CCN1C2=CC=CC=C2N=C1NCC3=CC=C(C=C3)OCC,C18H21N3O,4,1,6,4.067000000000003,295.168462292,22,39.08,0.5629477993858751,0,Media,0.608,0.3620689655172414,0.9322117122276248,0.7896760255500289
37750224,5-bromo-N-(1-ethylbenzimidazol-2-yl)thiophene-3-carboxamide,CCN1C2=CC=CC=C2N=C1NC(=O)C3=CSC(=C3)Br,C14H12BrN3OS,4,1,3,4.132500000000002,348.988445104,20,46.92,0.4262574595055413,0,Media,0.608,0.3492063492063492,0.9581867501707664,0.8059416499296621
1386285,"2,4-dibromo-6-[[(3-methyl-1H-benzimidazol-3-ium-2-yl)amino]methyl]phenolate",C[N+]1=C(NC2=CC=CC=C21)NCC3=C(C(=CC(=C3)Br)Br)[O-],C15H13Br2N3O,2,2,3,3.203100000000002,408.942536236,21,54.75999999999999,0.383491599707816,0,Media,0.608,0.2615384615384615,0.8823738823443952,0.7271650271429118
4181358,"N-(1H-benzimidazol-2-yl)-3,5-dibromo-2-hydroxy-benzamide",C1=CC=C2C(=C1)NC(=N2)NC(=O)C3=C(C(=CC(=C3)Br)Br)O,C14H9Br2N3O2,3,3,2,4.045800000000001,408.906150728,21,78.01,0.2691962568901422,0,Media,0.608,0.2461538461538461,0.9296882764008148,0.7588046688390726
872071,N-(1-ethylbenzimidazol-2-yl)benzamide,CCN1C2=CC=CC=C2N=C1NC(=O)C3=CC=CC=C3,C16H15N3O,3,1,3,3.3085000000000013,265.1215121,20,46.92,0.4262574595055413,0,Media,0.606,0.3333333333333333,0.9732349133236275,0.813259518326054
62524743,N-[(5-methyl-2-furyl)methyl]-1H-benzimidazol-2-amine,CC1=CC=C(O1)CNC2=NC3=CC=CC=C3N2,C13H13N3O,3,2,3,3.0764200000000006,227.105862036,17,53.85,0.3156917363045496,0,Media,0.606,0.2258064516129032,0.9471028059948294,0.7667787173993479
1086655,N-[[4-(dimethylamino)phenyl]methyl]-1-methyl-benzimidazol-2-amine,CN1C2=CC=CC=C2N=C1NCC3=CC=C(C=C3)N(C)C,C17H20N4,4,1,4,3.251400000000001,280.16879664,21,33.09,0.6346328195829555,0,Media,0.604,0.4901960784313725,0.9432751085736244,0.8300053510380615
16482036,1-allyl-N-[(3-bromophenyl)methyl]benzimidazol-2-amine,C=CCN1C2=CC=CC=C2N=C1NCC3=CC(=CC=C3)Br,C17H16BrN3,3,1,5,4.596900000000002,341.052759612,21,29.85,0.7035175879396984,0,Media,0.604,0.4310344827586206,0.918107120711968,0.7963389612236311
936066,"N-[(2,4-dimethoxyphenyl)methyl]-1-ethyl-benzimidazol-2-amine",CCN1C2=CC=CC=C2N=C1NCC3=C(C=C(C=C3)OC)OC,C18H21N3O2,5,1,6,3.685500000000002,311.163376912,23,48.31,0.4760919064375905,0,Media,0.604,0.4,0.922893423356904,0.792170067517678
20242515,2-[(1H-benzimidazol-2-ylamino)methyl]-4-methoxy-phenol,COC1=CC(=C(C=C1)O)CNC2=NC3=CC=CC=C3N2,C15H15N3O2,4,3,4,2.8892,269.11642672,20,70.17,0.2850220892119139,0,Media,0.604,0.3898305084745763,0.9619938070953008,0.8189529824401197
2976105,1-ethyl-N-(4-pyridylmethyl)benzimidazol-2-amine,CCN1C2=CC=CC=C2N=C1NCC3=CC=NC=C3,C15H16N4,4,1,4,3.063300000000001,252.137496512,19,42.74,0.4445484323818436,0,Media,0.604,0.3888888888888889,0.9477084759977006,0.8080035792204977
1090104,1-ethyl-N-[(3-methoxyphenyl)methyl]benzimidazol-2-amine,CCN1C2=CC=CC=C2N=C1NCC3=CC(=CC=C3)OC,C17H19N3O,4,1,5,3.6769000000000016,281.152812228,21,39.08,0.5373592630501536,0,Media,0.604,0.3666666666666666,0.9449197991740252,0.8003565160471855
4272333,1-allyl-N-(2-thienylmethyl)benzimidazol-2-amine,C=CCN1C2=CC=CC=C2N=C1NCC3=CC=CS3,C15H15N3S,4,1,5,3.895900000000003,269.09866848,19,29.85,0.6365159128978224,0,Media,0.604,0.3278688524590163,0.9282909630032744,0.77818543536721
787414,4-chloro-2-[[(1-methylbenzimidazol-2-yl)amino]methyl]phenol,CN1C2=CC=CC=C2N=C1NCC3=C(C=CC(=C3)Cl)O,C15H14ClN3O,4,2,3,3.5444000000000018,287.08253974799993,20,50.08,0.3993610223642173,0,Media,0.602,0.7391304347826086,0.995698292260534,0.9315563278910528
83317559,2-[(1H-benzimidazol-2-ylamino)methyl]-4-fluoro-phenol,C1=CC=C2C(=C1)NC(=N2)NCC3=C(C=CC(=C3)F)O,C14H12FN3O,3,3,3,3.0197000000000007,257.096440224,19,60.94,0.3117820807351493,0,Media,0.602,0.3859649122807017,0.9236160888532164,0.7892032947100877
969846,N-[(4-ethoxyphenyl)methyl]-1-propyl-benzimidazol-2-amine,CCCN1C2=CC=CC=C2N=C1NCC3=CC=C(C=C3)OCC,C19H23N3O,4,1,7,4.457100000000003,309.184112356,23,39.08,0.5885363357215968,0,Media,0.602,0.3728813559322034,0.914949678310016,0.7794325977155628
136683336,3-(1H-benzimidazol-2-ylazo)-4-hydroxy-benzaldehyde,C1=CC=C2C(=C1)NC(=N2)N=NC3=C(C=CC(=C3)C=O)O,C14H10N4O2,5,2,3,3.4964000000000017,266.08037556,20,90.7,0.2205071664829107,0,Media,0.602,0.2153846153846154,0.9464886973044904,0.7637126768245217
923826,N-(2-furylmethyl)-1H-benzimidazol-2-amine,C1=CC=C2C(=C1)NC(=N2)NCC3=CC=CO3,C12H11N3O,3,2,3,2.7680000000000007,213.090211972,16,53.85,0.2971216341689879,0,Media,0.602,0.2131147540983606,0.9285845607627656,0.7497171090966644
645176,"N-[(2,5-dimethoxyphenyl)methyl]-1-ethyl-benzimidazol-2-amine",CCN1C2=CC=CC=C2N=C1NCC3=C(C=CC(=C3)OC)OC,C18H21N3O2,5,1,6,3.685500000000002,311.163376912,23,48.31,0.4760919064375905,0,Media,0.6,0.4,0.922893423356904,0.792170067517678
22332112,N-[(4-ethylphenyl)methyl]-1-methyl-benzimidazol-2-amine,CCC1=CC=C(C=C1)CNC2=NC3=CC=CC=C3N2C,C17H19N3,3,1,4,3.7478000000000016,265.157897608,20,29.85,0.6700167504187604,0,Media,0.598,0.5208333333333334,0.9573431428586836,0.8482156904773461
16488542,1-allyl-N-[(3-methyl-2-thienyl)methyl]benzimidazol-2-amine,CC1=C(SC=C1)CNC2=NC3=CC=CC=C3N2CC=C,C16H17N3S,4,1,5,4.204320000000003,283.114318544,20,29.85,0.6700167504187604,0,Media,0.598,0.3333333333333333,0.9290052858312412,0.7800872977067643
948072,"2-[(1H-benzimidazol-2-ylamino)methyl]-4,6-dichloro-phenol",C1=CC=C2C(=C1)NC(=N2)NCC3=C(C(=CC(=C3)Cl)Cl)O,C14H11Cl2N3O,3,3,3,4.187400000000001,307.027917332,20,60.94,0.3281916639317361,0,Media,0.598,0.2903225806451613,0.9412213729854988,0.7784966749004144
16488526,1-methyl-N-[[4-(trifluoromethyl)phenyl]methyl]benzimidazol-2-amine,CN1C2=CC=CC=C2N=C1NCC3=CC=C(C=C3)C(F)(F)F,C16H14F3N3,3,1,3,4.204200000000002,305.113982108,22,29.85,0.7370184254606365,0,Media,0.5971333333333334,0.4807692307692308,0.9392709612622336,0.8246455286389829
154712326,N-[dideuterio(phenyl)methyl]-1-methyl-benzimidazol-2-amine,CN1C2=CC=CC=C2N=C1NCC3=CC=CC=C3,C15H15N3,3,1,3,3.1854000000000013,237.12659748,18,29.85,0.6030150753768844,0,Media,0.596,0.5555555555555556,0.9672855417290448,0.8643530451856725
923802,N-benzyl-1-methyl-benzimidazol-2-amine,CN1C2=CC=CC=C2N=C1NCC3=CC=CC=C3,C15H15N3,3,1,3,3.1854000000000013,237.12659748,18,29.85,0.6030150753768844,0,Media,0.596,0.5555555555555556,0.9672855417290448,0.8643530451856725
118740625,5-chloro-1-methyl-N-[(1-methylpyrazol-4-yl)methyl]benzimidazol-2-amine,CN1C=C(C=N1)CNC2=NC3=C(N2C)C=CC(=C3)Cl,C13H14ClN5,5,1,3,2.5723000000000003,275.093773128,19,47.67,0.3985735263268303,0,Media,0.594,0.3559322033898305,0.9195672725699422,0.7786585052749142
61401980,N-[(2-bromophenyl)methyl]-1H-benzimidazol-2-amine,C1=CC=C(C(=C1)CNC2=NC3=CC=CC=C3N2)Br,C14H12BrN3,2,2,3,3.9375000000000018,301.021459484,18,40.71,0.4421518054532056,0,Media,0.594,0.3035714285714285,0.9066677553633172,0.7558936736653451
4390121,4-bromo-2-[[(3-butyl-1H-benzimidazol-3-ium-2-yl)amino]methyl]phenolate,CCCC[N+]1=C(NC2=CC=CC=C21)NCC3=C(C=CC(=C3)Br)[O-],C18H20BrN3O,2,2,6,3.7037000000000018,373.07897436,23,54.75999999999999,0.4200146092037984,0,Media,0.594,0.2794117647058823,0.8735266460314892,0.7249979257000875
715153,4-chloro-2-[[(1-ethylbenzimidazol-2-yl)amino]methyl]phenol,CCN1C2=CC=CC=C2N=C1NCC3=C(C=CC(=C3)Cl)O,C16H16ClN3O,4,2,4,4.027300000000003,301.09818981199993,21,50.08,0.4193290734824281,0,Media,0.59,0.5660377358490566,0.9950965476050656,0.8878318446660632
889093,2-[[(1-allylbenzimidazol-2-yl)amino]methyl]-4-methyl-phenol,CC1=CC(=C(C=C1)O)CNC2=NC3=CC=CC=C3N2CC=C,C18H19N3O,4,2,5,3.8484200000000017,293.152812228,22,50.08,0.4392971246006389,0,Media,0.59,0.5357142857142857,0.9880736747022344,0.874983827455247
16488538,1-allyl-N-(o-tolylmethyl)benzimidazol-2-amine,CC1=CC=CC=C1CNC2=NC3=CC=CC=C3N2CC=C,C18H19N3,3,1,5,4.142820000000003,277.15789760800004,21,29.85,0.7035175879396984,0,Media,0.59,0.4035087719298245,0.9322414858082256,0.8000583073386253
1603670,4-bromo-2-[[(3-hexyl-1H-benzimidazol-3-ium-2-yl)amino]methyl]phenol,CCCCCC[N+]1=C(NC2=CC=CC=C21)NCC3=C(C=CC(=C3)Br)O,C20H25BrN3O+,2,3,8,5.115900000000004,402.11755094009,25,51.92999999999999,0.481417292509147,1,Media,0.59,0.390625,0.8419203807534085,0.7290965355650564
1636915,4-bromo-2-[[(3-heptyl-1H-benzimidazol-3-ium-2-yl)amino]methyl]phenol,CCCCCCC[N+]1=C(NC2=CC=CC=C21)NCC3=C(C=CC(=C3)Br)O,C21H27BrN3O+,2,3,9,5.506000000000006,416.13320100409,26,51.92999999999999,0.5006739842095129,1,Media,0.59,0.390625,0.8294254480938911,0.7197253360704183
1603306,4-bromo-2-[[(3-octyl-1H-benzimidazol-3-ium-2-yl)amino]methyl]phenol,CCCCCCCC[N+]1=C(NC2=CC=CC=C21)NCC3=C(C=CC(=C3)Br)O,C22H29BrN3O+,2,3,10,5.896100000000006,430.14885106809,27,51.92999999999999,0.5199306759098787,1,Media,0.59,0.390625,0.8158990333521192,0.7095805250140894
1599998,4-bromo-2-[[(3-nonyl-1H-benzimidazol-3-ium-2-yl)amino]methyl]phenol,CCCCCCCCC[N+]1=C(NC2=CC=CC=C21)NCC3=C(C=CC(=C3)Br)O,C23H31BrN3O+,2,3,11,6.286200000000006,444.16450113209,28,51.92999999999999,0.5391873676102447,1,Media,0.59,0.390625,0.8017853465244171,0.6989952598933129
1608247,4-bromo-2-[[(3-decyl-1H-benzimidazol-3-ium-2-yl)amino]methyl]phenol,CCCCCCCCCC[N+]1=C(NC2=CC=CC=C21)NCC3=C(C=CC(=C3)Br)O,C24H33BrN3O+,2,3,12,6.676300000000007,458.18015119609,29,51.92999999999999,0.5584440593106105,1,Media,0.59,0.390625,0.7874275535814046,0.6882269151860534
4644695,4-bromo-2-[[(3-hexadecyl-1H-benzimidazol-3-ium-2-yl)amino]methyl]phenol,CCCCCCCCCCCCCCCC[N+]1=C(NC2=CC=CC=C21)NCC3=C(C=CC(=C3)Br)O,C30H45BrN3O+,2,3,18,9.0169,542.2740515800899,35,51.92999999999999,0.6739842095128058,2,Media,0.59,0.390625,0.7064337461246211,0.6274815595934657
4398933,4-bromo-2-[[(3-pentyl-1H-benzimidazol-3-ium-2-yl)amino]methyl]phenolate,CCCCC[N+]1=C(NC2=CC=CC=C21)NCC3=C(C=CC(=C3)Br)[O-],C19H22BrN3O,2,2,7,4.0938000000000025,387.094624424,24,54.75999999999999,0.4382761139517897,0,Media,0.59,0.2753623188405797,0.8562287798111416,0.7110121645685011
12579889,N-(3-pyridylmethyl)-1H-benzimidazol-2-amine,C1=CC=C2C(=C1)NC(=N2)NCC3=CN=CC=C3,C13H12N4,3,2,3,2.5700000000000003,224.106196384,17,53.6,0.3171641791044776,0,Media,0.59,0.2096774193548387,0.9413824318560292,0.7584561787307315
4669522,N-(cycloheptylideneamino)-1H-benzimidazol-2-amine,C1CCCC(=NNC2=NC3=CC=CC=C3N2)CC1,C14H18N4,3,2,2,3.6850000000000014,242.153146576,18,53.07,0.3391746749576032,0,Media,0.59,0.1587301587301587,0.960147079240934,0.7597928491132403
3410481,2-[[(1-allylbenzimidazol-2-yl)amino]methyl]-4-bromo-phenol,C=CCN1C2=CC=CC=C2N=C1NCC3=C(C=CC(=C3)Br)O,C17H16BrN3O,4,2,5,4.302500000000003,357.04767423199996,22,50.08,0.4392971246006389,0,Media,0.588,0.6862745098039216,0.9899267056228483,0.9140136566681168
3569371,4-bromo-2-[[(3-methyl-1H-benzimidazol-3-ium-2-yl)amino]methyl]phenol,C[N+]1=C(NC2=CC=CC=C21)NCC3=C(C=CC(=C3)Br)O,C15H15BrN3O+,2,3,3,3.0726000000000018,332.03930062009,20,51.92999999999999,0.3851338340073176,0,Media,0.588,0.4464285714285714,0.8650982234129612,0.7604308104168638
23945542,N-(2-thienylmethyl)-1H-benzimidazol-2-amine,C1=CC=C2C(=C1)NC(=N2)NCC3=CC=CS3,C12H11N3S,3,2,3,3.2365000000000013,229.067368352,16,40.71,0.3930238270695161,0,Media,0.588,0.2131147540983606,0.9448204344621278,0.7618940143711861
6619020,N-[(4-bromophenyl)methyl]-1-ethyl-benzimidazol-2-amine,CCN1C2=CC=CC=C2N=C1NCC3=CC=C(C=C3)Br,C16H16BrN3,3,1,4,4.430800000000002,329.052759612,20,29.85,0.6700167504187604,0,Media,0.586,0.4901960784313725,0.940153486804894,0.8276641347115137
715148,2-[(1H-benzimidazol-2-ylamino)methyl]-4-bromo-phenol,C1=CC=C2C(=C1)NC(=N2)NCC3=C(C=CC(=C3)Br)O,C14H12BrN3O,3,3,3,3.643100000000001,317.01637410399996,19,60.94,0.3117820807351493,0,Media,0.582,0.5490196078431373,0.9404827857307128,0.8426169912588188
83339638,2-[(1H-benzimidazol-2-ylamino)methyl]-5-methoxy-phenol,COC1=CC(=C(C=C1)CNC2=NC3=CC=CC=C3N2)O,C15H15N3O2,4,3,4,2.8892,269.11642672,20,70.17,0.2850220892119139,0,Media,0.582,0.3225806451612903,0.9619938070953008,0.8021405166117983
977476,N-[(4-isopropylphenyl)methyl]-1-methyl-benzimidazol-2-amine,CC(C)C1=CC=C(C=C1)CNC2=NC3=CC=CC=C3N2C,C18H21N3,3,1,4,4.308800000000003,279.17354767200004,21,29.85,0.7035175879396984,0,Media,0.578,0.5,0.9399981166167908,0.829998587462593
933484,N-[(2-methoxyphenyl)methyl]-1-methyl-benzimidazol-2-amine,CN1C2=CC=CC=C2N=C1NCC3=CC=CC=C3OC,C16H17N3O,4,1,4,3.1940000000000017,267.137162164,20,39.08,0.5117707267144319,0,Media,0.576,0.5510204081632653,0.95089161396002,0.8509238125108313
975935,N-[(4-bromophenyl)methyl]-1-propyl-benzimidazol-2-amine,CCCN1C2=CC=CC=C2N=C1NCC3=CC=C(C=C3)Br,C17H18BrN3,3,1,5,4.820900000000003,343.068409676,21,29.85,0.7035175879396984,0,Media,0.576,0.5,0.9119883839376086,0.8089912879532064
934050,N-[(3-bromophenyl)methyl]-1-methyl-benzimidazol-2-amine,CN1C2=CC=CC=C2N=C1NCC3=CC(=CC=C3)Br,C15H14BrN3,3,1,3,3.9479000000000024,315.037109548,19,29.85,0.6365159128978224,0,Media,0.574,0.6382978723404256,0.9648805147431052,0.8832348541424353
3163617,1-allyl-N-(2-furylmethyl)benzimidazol-2-amine,C=CCN1C2=CC=CC=C2N=C1NCC3=CC=CO3,C15H15N3O,4,1,5,3.4274000000000013,253.1215121,19,42.99,0.4419632472668062,0,Media,0.574,0.3278688524590163,0.9421017488426704,0.7885435247467568
1608371,"2,4-dibromo-6-[[(3-hexyl-1H-benzimidazol-3-ium-2-yl)amino]methyl]phenol",CCCCCC[N+]1=C(NC2=CC=CC=C21)NCC3=C(C(=CC(=C3)Br)Br)O,C20H24Br2N3O+,2,3,8,5.8784000000000045,480.02806300809,26,51.92999999999999,0.5006739842095129,1,Media,0.574,0.2676056338028169,0.8257746013300302,0.6862323594482269
1638889,"2,4-dibromo-6-[[(3-heptyl-1H-benzimidazol-3-ium-2-yl)amino]methyl]phenol",CCCCCCC[N+]1=C(NC2=CC=CC=C21)NCC3=C(C(=CC(=C3)Br)Br)O,C21H26Br2N3O+,2,3,9,6.268500000000005,494.04371307209,27,51.92999999999999,0.5199306759098787,1,Media,0.574,0.2676056338028169,0.8127716582124892,0.6764801521100712
1610635,"2,4-dibromo-6-[[(3-octyl-1H-benzimidazol-3-ium-2-yl)amino]methyl]phenol",CCCCCCCC[N+]1=C(NC2=CC=CC=C21)NCC3=C(C(=CC(=C3)Br)Br)O,C22H28Br2N3O+,2,3,10,6.658600000000006,508.05936313609,28,51.92999999999999,0.5391873676102447,2,Media,0.574,0.2676056338028169,0.7992338130705696,0.6663267682536315
1564746,"2,4-dibromo-6-[[(3-nonyl-1H-benzimidazol-3-ium-2-yl)amino]methyl]phenol",CCCCCCCCC[N+]1=C(NC2=CC=CC=C21)NCC3=C(C(=CC(=C3)Br)Br)O,C23H30Br2N3O+,2,3,11,7.048700000000006,522.07501320009,29,51.92999999999999,0.5584440593106105,2,Media,0.574,0.2676056338028169,0.7854671124838675,0.6560017428136049
4024630,"2,4-dibromo-6-[[(3-hexadecyl-1H-benzimidazol-3-ium-2-yl)amino]methyl]phenol",CCCCCCCCCCCCCCCC[N+]1=C(NC2=CC=CC=C21)NCC3=C(C(=CC(=C3)Br)Br)O,C30H44Br2N3O+,2,3,18,9.779399999999995,620.18456364809,36,51.92999999999999,0.6932409012131717,2,Media,0.574,0.2676056338028169,0.695896793748813,0.588824003762314
7342814,1-ethyl-N-(p-tolylmethyl)benzimidazol-2-amine,CCN1C2=CC=CC=C2N=C1NCC3=CC=C(C=C3)C,C17H19N3,3,1,4,3.976720000000002,265.157897608,20,29.85,0.6700167504187604,0,Media,0.572,0.3888888888888889,0.9525699432404038,0.8116496796525251
652427,N-[[4-(dimethylamino)phenyl]methyl]-1-ethyl-benzimidazol-2-amine,CCN1C2=CC=CC=C2N=C1NCC3=CC=C(C=C3)N(C)C,C18H22N4,4,1,5,3.734300000000002,294.184446704,22,33.09,0.6648534300392868,0,Media,0.572,0.3684210526315789,0.9337832597361252,0.7924427079599885
787400,2-[(1H-benzimidazol-2-ylamino)methyl]phenol,C1=CC=C(C(=C1)CNC2=NC3=CC=CC=C3N2)O,C14H13N3O,3,3,3,2.8806000000000007,239.105862036,18,60.94,0.2953724975385625,0,Media,0.572,0.3518518518518518,0.912547199602837,0.7723733626650908
890291,2-[[(1-allylbenzimidazol-2-yl)amino]methyl]phenol,C=CCN1C2=CC=CC=C2N=C1NCC3=CC=CC=C3O,C17H17N3O,4,2,5,3.5400000000000023,279.137162164,21,50.08,0.4193290734824281,0,Media,0.57,0.4814814814814814,0.987699059090775,0.8611446646884516
3324798,N-[[4-(dimethylamino)phenyl]methyl]-1-propyl-benzimidazol-2-amine,CCCN1C2=CC=CC=C2N=C1NCC3=CC=C(C=C3)N(C)C,C19H24N4,4,1,6,4.124400000000002,308.200096768,23,33.09,0.6950740404956179,0,Media,0.57,0.3793103448275862,0.9184917417222692,0.7836963924985986
2849750,"(2,5-dimethylphenyl)-(1-methylbenzimidazol-2-yl)diazene",CC1=CC(=C(C=C1)C)N=NC2=NC3=CC=CC=C3N2C,C16H16N4,4,0,2,4.605540000000004,264.137496512,20,42.54,0.4701457451810061,0,Media,0.57,0.3103448275862069,0.7927406358681195,0.6721416837976414
1306723,"2,4-dichloro-6-[[(1-isopropylbenzimidazol-2-yl)amino]methyl]phenol",CC(C)N1C2=CC=CC=C2N=C1NCC3=C(C(=CC(=C3)Cl)Cl)O,C17H17Cl2N3O,4,2,4,5.241700000000003,349.07486752399996,23,50.08,0.4592651757188498,1,Media,0.568,0.4482758620689655,0.9819570526058276,0.8485367549716121
787402,2-[(1H-benzimidazol-2-ylamino)methyl]-4-methyl-phenol,CC1=CC(=C(C=C1)O)CNC2=NC3=CC=CC=C3N2,C15H15N3O,3,3,3,3.18902,253.1215121,19,60.94,0.3117820807351493,0,Media,0.568,0.4107142857142857,0.923441752734148,0.7952598859791823
7342815,1-propyl-N-(p-tolylmethyl)benzimidazol-2-amine,CCCN1C2=CC=CC=C2N=C1NCC3=CC=C(C=C3)C,C18H21N3,3,1,5,4.366820000000003,279.17354767200004,21,29.85,0.7035175879396984,0,Media,0.568,0.4,0.9274227646664076,0.7955670734998056
924788,N-benzyl-1-isobutyl-benzimidazol-2-amine,CC(C)CN1C2=CC=CC=C2N=C1NCC3=CC=CC=C3,C18H21N3,3,1,5,4.304400000000003,279.17354767200004,21,29.85,0.7035175879396984,0,Media,0.568,0.3888888888888889,0.9289474871213,0.7939328375631972
675544,"2-chloro-4,5-difluoro-N-(1-methylbenzimidazol-2-yl)benzamide",CN1C2=CC=CC=C2N=C1NC(=O)C3=CC(=C(C=C3Cl)F)F,C15H10ClF2N3O,3,1,2,3.757200000000001,321.04804606,22,46.92,0.4688832054560954,0,Media,0.568,0.3728813559322034,0.9556577548502884,0.8099636551207672
2851451,"(2,4-dimethylphenyl)-(1-methylbenzimidazol-2-yl)diazene",CC1=CC(=C(C=C1)N=NC2=NC3=CC=CC=C3N2C)C,C16H16N4,4,0,2,4.605540000000003,264.137496512,20,42.54,0.4701457451810061,0,Media,0.568,0.3103448275862069,0.7927406358681195,0.6721416837976414
3739678,"2-[[(1-allylbenzimidazol-2-yl)amino]methyl]-4,6-dibromo-phenol",C=CCN1C2=CC=CC=C2N=C1NCC3=C(C(=CC(=C3)Br)Br)O,C17H15Br2N3O,4,2,5,5.065000000000003,434.9581863,23,50.08,0.4592651757188498,1,Media,0.566,0.5,0.9680825847945452,0.8510619385959091
3964344,"2,4-dibromo-6-[[(3-butyl-1H-benzimidazol-3-ium-2-yl)amino]methyl]phenolate",CCCC[N+]1=C(NC2=CC=CC=C21)NCC3=C(C(=CC(=C3)Br)Br)[O-],C18H19Br2N3O,2,2,6,4.466200000000003,450.989486428,24,54.75999999999999,0.4382761139517897,0,Media,0.566,0.2394366197183098,0.8449723553827126,0.6935884214666119
972634,1-isopropyl-N-(2-thienylmethyl)benzimidazol-2-amine,CC(C)N1C2=CC=CC=C2N=C1NCC3=CC=CS3,C15H17N3S,4,1,4,4.290800000000003,271.114318544,19,29.85,0.6365159128978224,0,Media,0.564,0.3684210526315789,0.931492291970234,0.7907244821355701
75534567,4-[(Z)-2-chloro-2-(1-ethyl-5-fluoro-benzimidazol-2-yl)vinyl]thiadiazole,CCN1C2=C(C=C(C=C2)F)N=C1C(=CC3=CSN=N3)Cl,C13H10ClFN4S,5,0,3,3.7837000000000023,308.02987322,20,43.6,0.4587155963302752,0,Media,0.564,0.1917808219178082,0.8005902541124102,0.6483878960637597
3826546,4-bromo-2-[[(1-isopropylbenzimidazol-2-yl)amino]methyl]phenol,CC(C)N1C2=CC=CC=C2N=C1NCC3=C(C=CC(=C3)Br)O,C17H18BrN3O,4,2,4,4.697400000000004,359.06332429599996,22,50.08,0.4392971246006389,0,Media,0.562,0.7659574468085106,0.9903438626986852,0.9342472587261416
3987435,4-bromo-2-[[(3-propyl-1H-benzimidazol-3-ium-2-yl)amino]methyl]phenolate,CCC[N+]1=C(NC2=CC=CC=C21)NCC3=C(C=CC(=C3)Br)[O-],C17H18BrN3O,2,2,5,3.313600000000001,359.06332429599996,22,54.75999999999999,0.4017531044558072,0,Media,0.562,0.2878787878787879,0.8876374374652147,0.737697775068608
4775741,5-bromo-2-(difluoromethoxy)-N-(1-methylbenzimidazol-2-yl)benzamide,CN1C2=CC=CC=C2N=C1NC(=O)C3=C(C=CC(=C3)Br)OC(F)F,C16H12BrF2N3O2,4,1,4,4.189500000000002,395.00809516399994,24,56.150000000000006,0.4274265360641139,0,Media,0.56,0.4426229508196721,0.9295728669929508,0.8078353879496312
787426,5-methoxy-2-[[(1-methylbenzimidazol-2-yl)amino]methyl]phenol,CN1C2=CC=CC=C2N=C1NCC3=C(C=C(C=C3)OC)O,C16H17N3O2,5,2,4,2.899600000000001,283.132076784,21,59.31,0.3540718259989883,0,Media,0.558,0.6078431372549019,0.9793995967006722,0.8865104818392296
134854259,N-benzyl-1-prop-2-ynyl-benzimidazol-2-amine,C#CCN1C2=CC=CC=C2N=C1NCC3=CC=CC=C3,C17H15N3,3,1,4,3.281600000000001,261.12659748,20,29.85,0.6700167504187604,0,Media,0.558,0.3636363636363636,0.9624396783753992,0.8127388496906404
977700,N-[(2-ethoxyphenyl)methyl]-1-methyl-benzimidazol-2-amine,CCOC1=CC=CC=C1CNC2=NC3=CC=CC=C3N2C,C17H19N3O,4,1,5,3.584100000000002,281.152812228,21,39.08,0.5373592630501536,0,Media,0.556,0.5294117647058824,0.945171767534095,0.8412317668270418
5167020,"2,4-dibromo-6-[[(1-hexylbenzimidazol-2-yl)amino]methyl]phenol",CCCCCCN1C2=CC=CC=C2N=C1NCC3=C(C(=CC(=C3)Br)Br)O,C20H23Br2N3O,4,2,8,6.459300000000005,479.0207865560001,26,50.08,0.5191693290734825,1,Media,0.554,0.5254237288135594,0.9177789316185136,0.8196901309172749
3754156,"2,4-dibromo-6-[[(1-heptylbenzimidazol-2-yl)amino]methyl]phenol",CCCCCCCN1C2=CC=CC=C2N=C1NCC3=C(C(=CC(=C3)Br)Br)O,C21H25Br2N3O,4,2,9,6.8494000000000055,493.0364366200001,27,50.08,0.5391373801916933,1,Media,0.554,0.5254237288135594,0.8999234304934389,0.806298505073469
3652468,"2,4-dibromo-6-[[(1-octylbenzimidazol-2-yl)amino]methyl]phenol",CCCCCCCCN1C2=CC=CC=C2N=C1NCC3=C(C(=CC(=C3)Br)Br)O,C22H27Br2N3O,4,2,10,7.239500000000006,507.0520866840001,28,50.08,0.5591054313099042,2,Media,0.554,0.5254237288135594,0.8818777417709517,0.7927642385316036
3672299,"2,4-dibromo-6-[[(1-nonylbenzimidazol-2-yl)amino]methyl]phenol",CCCCCCCCCN1C2=CC=CC=C2N=C1NCC3=C(C(=CC(=C3)Br)Br)O,C23H29Br2N3O,4,2,11,7.629600000000006,521.067736748,29,50.08,0.5790734824281151,2,Media,0.554,0.5254237288135594,0.8639396556271657,0.7793106739237641
4025747,"2,4-dibromo-6-[[(1-hexadecylbenzimidazol-2-yl)amino]methyl]phenol",CCCCCCCCCCCCCCCCN1C2=CC=CC=C2N=C1NCC3=C(C(=CC(=C3)Br)Br)O,C30H43Br2N3O,4,2,18,10.360299999999992,619.1772871960001,36,50.08,0.7188498402555911,2,Media,0.554,0.5254237288135594,0.7528901918713307,0.6960235761068878
3623288,4-bromo-2-[[(1-hexylbenzimidazol-2-yl)amino]methyl]phenol,CCCCCCN1C2=CC=CC=C2N=C1NCC3=C(C=CC(=C3)Br)O,C20H24BrN3O,4,2,8,5.696800000000005,401.110274488,25,50.08,0.4992012779552716,1,Media,0.552,0.7115384615384616,0.9444197650281496,0.8861994391557276
3285776,4-bromo-2-[[(1-heptylbenzimidazol-2-yl)amino]methyl]phenol,CCCCCCCN1C2=CC=CC=C2N=C1NCC3=C(C=CC(=C3)Br)O,C21H26BrN3O,4,2,9,6.086900000000005,415.125924552,26,50.08,0.5191693290734825,1,Media,0.552,0.7115384615384616,0.9261926534251788,0.8725291054534996
3794695,4-bromo-2-[[(1-octylbenzimidazol-2-yl)amino]methyl]phenol,CCCCCCCCN1C2=CC=CC=C2N=C1NCC3=C(C=CC(=C3)Br)O,C22H28BrN3O,4,2,10,6.477000000000006,429.141574616,27,50.08,0.5391373801916933,1,Media,0.552,0.7115384615384616,0.9073216732841698,0.8583758703477428
3302541,4-bromo-2-[[(1-nonylbenzimidazol-2-yl)amino]methyl]phenol,CCCCCCCCCN1C2=CC=CC=C2N=C1NCC3=C(C=CC(=C3)Br)O,C23H30BrN3O,4,2,11,6.867100000000006,443.15722468,28,50.08,0.5591054313099042,1,Media,0.552,0.7115384615384616,0.8882587644468267,0.8440786887197355
3814218,4-bromo-2-[[(1-decylbenzimidazol-2-yl)amino]methyl]phenol,CCCCCCCCCCN1C2=CC=CC=C2N=C1NCC3=C(C=CC(=C3)Br)O,C24H32BrN3O,4,2,12,7.257200000000006,457.172874744,29,50.08,0.5790734824281151,1,Media,0.552,0.7115384615384616,0.8693374305710534,0.8298876883129055
3696131,4-bromo-2-[[(1-hexadecylbenzimidazol-2-yl)amino]methyl]phenol,CCCCCCCCCCCCCCCCN1C2=CC=CC=C2N=C1NCC3=C(C=CC(=C3)Br)O,C30H44BrN3O,4,2,18,9.597799999999998,541.2667751280001,35,50.08,0.6988817891373802,2,Media,0.552,0.7115384615384616,0.7677140541084153,0.7536701559659269
3948747,1-methyl-N-[(5-methyl-2-furyl)methyl]benzimidazol-2-amine,CC1=CC=C(O1)CNC2=NC3=CC=CC=C3N2C,C14H15N3O,4,1,3,3.0868200000000012,241.1215121,18,42.99,0.418702023726448,0,Media,0.552,0.4901960784313725,0.9438836739112232,0.8304617750412606
787427,2-[[(1-ethylbenzimidazol-2-yl)amino]methyl]-5-methoxy-phenol,CCN1C2=CC=CC=C2N=C1NCC3=C(C=C(C=C3)OC)O,C17H19N3O2,5,2,5,3.3825000000000016,297.147726848,22,59.31,0.3709323891417973,0,Media,0.552,0.4655172413793103,0.9824979496767368,0.8532527726023802
924348,N-benzyl-1-propyl-benzimidazol-2-amine,CCCN1C2=CC=CC=C2N=C1NCC3=CC=CC=C3,C17H19N3,3,1,5,4.0584000000000024,265.157897608,20,29.85,0.6700167504187604,0,Media,0.552,0.4230769230769231,0.937907801392652,0.8092000818137198
3987436,4-bromo-2-[[(3-propyl-1H-benzimidazol-3-ium-2-yl)amino]methyl]phenol,CCC[N+]1=C(NC2=CC=CC=C21)NCC3=C(C=CC(=C3)Br)O,C17H19BrN3O+,2,3,5,3.945600000000003,360.07060074809,22,51.92999999999999,0.4236472174080493,0,Media,0.552,0.4166666666666667,0.8670780653584483,0.7544752156855029
1092987,N-benzyl-1-ethyl-benzimidazol-2-amine,CCN1C2=CC=CC=C2N=C1NCC3=CC=CC=C3,C16H17N3,3,1,4,3.668300000000002,251.142247544,19,29.85,0.6365159128978224,0,Media,0.552,0.4117647058823529,0.958278482778708,0.8216500385546192
51033097,(E)-N-(1H-benzimidazol-2-yl)-1-(3-bromophenyl)ethanimine,CC(=NC1=NC2=CC=CC=C2N1)C3=CC(=CC=C3)Br,C15H12BrN3,2,1,2,4.466100000000002,313.021459484,19,41.04,0.4629629629629629,0,Media,0.552,0.2580645161290322,0.9071941668047898,0.7449117541358503
2850397,"(1-methylbenzimidazol-2-yl)-(2,3,5,6-tetramethylphenyl)diazene",CC1=CC(=C(C(=C1C)N=NC2=NC3=CC=CC=C3N2C)C)C,C18H20N4,4,0,2,5.222380000000005,292.16879664,22,42.54,0.5171603196991067,1,Media,0.551,0.3214285714285714,0.7879160154703574,0.6712941544599109
936609,N-[(2-chlorophenyl)methyl]-1-methyl-benzimidazol-2-amine,CN1C2=CC=CC=C2N=C1NCC3=CC=CC=C3Cl,C15H14ClN3,3,1,3,3.838800000000002,271.08762512799996,19,29.85,0.6365159128978224,0,Media,0.55,0.574468085106383,0.9693119261114194,0.8706009658601603
876278,"N2-benzylbenzimidazole-1,2-diamine",C1=CC=C(C=C1)CNC2=NC3=CC=CC=C3N2N,C14H14N4,4,2,3,2.3621999999999996,238.121846448,18,55.870000000000005,0.3221764811168784,0,Media,0.55,0.392156862745098,0.965869828136741,0.8224415867888303
3511631,1-ethyl-N-(2-morpholinoethyl)benzimidazol-2-amine,CCN1C2=CC=CC=C2N=C1NCCN3CCOCC3,C15H22N4O,5,1,5,1.8002999999999998,274.179361324,20,42.32000000000001,0.4725897920604914,0,Media,0.55,0.3278688524590163,0.9008611509549412,0.7576130763309601
665867,N-benzyl-6-methyl-1H-benzimidazol-2-amine,CC1=CC2=C(C=C1)N=C(N2)NCC3=CC=CC=C3,C15H15N3,2,2,3,3.4834200000000006,237.12659748,18,40.71,0.4421518054532056,0,Media,0.55,0.2295081967213114,0.8910652978427949,0.7256760225624239
4889185,N-[(2-methoxyphenyl)methyl]-1-propyl-benzimidazol-2-amine,CCCN1C2=CC=CC=C2N=C1NCC3=CC=CC=C3OC,C18H21N3O,4,1,6,4.067000000000003,295.168462292,22,39.08,0.5629477993858751,0,Media,0.548,0.4210526315789473,0.9322117122276248,0.8044219420654554
3793515,"2,4-dibromo-6-[[(1-isopropylbenzimidazol-2-yl)amino]methyl]phenol",CC(C)N1C2=CC=CC=C2N=C1NCC3=C(C(=CC(=C3)Br)Br)O,C17H17Br2N3O,4,2,4,5.459900000000004,436.973836364,23,50.08,0.4592651757188498,1,Media,0.546,0.5555555555555556,0.96596942031498,0.863365954125124
977260,N-[(3-bromophenyl)methyl]-1-ethyl-benzimidazol-2-amine,CCN1C2=CC=CC=C2N=C1NCC3=CC(=CC=C3)Br,C16H16BrN3,3,1,4,4.430800000000002,329.052759612,20,29.85,0.6700167504187604,0,Media,0.546,0.4814814814814814,0.940153486804894,0.8254854854740409
132284099,4-fluoro-1-methyl-N-(3-pyridylmethyl)benzimidazol-2-amine,CN1C2=C(C(=CC=C2)F)N=C1NCC3=CN=CC=C3,C14H13FN4,4,1,3,2.719500000000001,256.112424636,19,42.74,0.4445484323818436,0,Media,0.544,0.3114754098360656,0.9501748018761528,0.7904999538661311
1386286,"2,4-dibromo-6-[[(3-methyl-1H-benzimidazol-3-ium-2-yl)amino]methyl]phenol",C[N+]1=C(NC2=CC=CC=C21)NCC3=C(C(=CC(=C3)Br)Br)O,C15H14Br2N3O+,2,3,3,3.835100000000002,409.94981268809,21,51.92999999999999,0.4043905257076834,0,Media,0.544,0.3015873015873015,0.8654427788136112,0.7244789095070338
162786991,2-[1-(1H-benzimidazol-2-yl)ethylideneamino]phenol,CC(=NC1=CC=CC=C1O)C2=NC3=CC=CC=C3N2,C15H13N3O,3,2,2,3.409200000000001,251.105862036,19,61.27,0.3101028235678146,0,Media,0.544,0.2131147540983606,0.955480251927858,0.7698888774704836
66561322,"N-benzyl-5,6-dimethyl-1H-benzimidazol-2-amine",CC1=CC2=C(C=C1C)N=C(N2)NCC3=CC=CC=C3,C16H17N3,2,2,3,3.7918400000000014,251.142247544,19,40.71,0.4667157946450503,0,Media,0.542,0.2333333333333333,0.8981792202704117,0.7319677485361422
883465,"2,4-dichloro-6-[[(1-methylbenzimidazol-2-yl)amino]methyl]phenol",CN1C2=CC=CC=C2N=C1NCC3=C(C(=CC(=C3)Cl)Cl)O,C15H13Cl2N3O,4,2,3,4.197800000000003,321.04356739599996,21,50.08,0.4193290734824281,0,Media,0.54,0.5882352941176471,0.9974686371072694,0.8951603013598638
1415691,"2-[(1H-benzimidazol-2-ylamino)methyl]-4,6-dibromo-phenol",C1=CC=C2C(=C1)NC(=N2)NCC3=C(C(=CC(=C3)Br)Br)O,C14H11Br2N3O,3,3,3,4.4056000000000015,394.926886172,20,60.94,0.3281916639317361,0,Media,0.54,0.3793103448275862,0.9426241874564324,0.801795726799221
5253574,5-bromo-N-[1-[2-(diethylamino)ethyl]benzimidazol-2-yl]-2-(difluoromethoxy)benzamide,CCN(CC)CCN1C2=CC=CC=C2N=C1NC(=O)C3=C(C=CC(=C3)Br)OC(F)F,C21H23BrF2N4O2,5,1,9,4.994300000000004,480.0972445160001,30,59.39,0.5051355447044957,0,Media,0.54,0.3561643835616438,0.8659254918045415,0.7384852147438171
22332116,N-[(3-bromophenyl)methyl]-1-propyl-benzimidazol-2-amine,CCCN1C2=CC=CC=C2N=C1NCC3=CC(=CC=C3)Br,C17H18BrN3,3,1,5,4.820900000000003,343.068409676,21,29.85,0.7035175879396984,0,Media,0.538,0.4909090909090909,0.9119883839376086,0.8067185606804791
883285,"2,4-dichloro-6-[[(1-ethylbenzimidazol-2-yl)amino]methyl]phenol",CCN1C2=CC=CC=C2N=C1NCC3=C(C(=CC(=C3)Cl)Cl)O,C16H15Cl2N3O,4,2,4,4.6807000000000025,335.05921745999996,22,50.08,0.4392971246006389,0,Media,0.538,0.4482758620689655,0.9912522391901744,0.8555081449098723
4313620,"2,4-dichloro-6-[[(1-propylbenzimidazol-2-yl)amino]methyl]phenol",CCCN1C2=CC=CC=C2N=C1NCC3=C(C(=CC(=C3)Cl)Cl)O,C17H17Cl2N3O,4,2,5,5.070800000000003,349.07486752399996,23,50.08,0.4592651757188498,1,Media,0.536,0.4576271186440678,0.9810850756741496,0.8502205864166291
16012601,N-[(2-fluorophenyl)methyl]-1-methyl-benzimidazol-2-amine,CN1C2=CC=CC=C2N=C1NCC3=CC=CC=C3F,C15H14FN3,3,1,3,3.3245000000000013,255.117175668,19,29.85,0.6365159128978224,0,Media,0.534,0.574468085106383,0.97403945321758,0.8741466111897809
709553,2-[[(1-isopropylbenzimidazol-2-yl)amino]methyl]phenol,CC(C)N1C2=CC=CC=C2N=C1NCC3=CC=CC=C3O,C17H19N3O,4,2,4,3.934900000000003,281.152812228,21,50.08,0.4193290734824281,0,Media,0.534,0.54,0.9917157250769316,0.8787867938076988
977447,1-methyl-N-(2-thienylmethyl)benzimidazol-2-amine,CN1C2=CC=CC=C2N=C1NCC3=CC=CS3,C13H13N3S,4,1,3,3.246900000000001,243.083018416,17,29.85,0.5695142378559463,0,Media,0.534,0.5,0.9233774283327678,0.8175330712495759
3318324,"2-[[(1-butylbenzimidazol-2-yl)amino]methyl]-4,6-dichloro-phenol",CCCCN1C2=CC=CC=C2N=C1NCC3=C(C(=CC(=C3)Cl)Cl)O,C18H19Cl2N3O,4,2,6,5.460900000000004,363.090517588,24,50.08,0.4792332268370607,1,Media,0.534,0.4426229508196721,0.9675295058803198,0.8363028671151579
23604680,1-ethyl-N-[(5-methyl-2-furyl)methyl]benzimidazol-2-amine,CCN1C2=CC=CC=C2N=C1NCC3=CC=C(O3)C,C15H17N3O,4,1,4,3.569720000000002,255.137162164,19,42.99,0.4419632472668062,0,Media,0.534,0.3620689655172414,0.9493474593089842,0.8025278358610486
5210304,(1-methylbenzimidazol-2-yl)-phenyl-diazene,CN1C2=CC=CC=C2N=C1N=NC3=CC=CC=C3,C14H12N4,4,0,2,3.9887000000000024,236.106196384,18,42.54,0.4231311706629055,0,Media,0.534,0.3269230769230769,0.7811249133035867,0.6675744542084593
1595832,4-bromo-2-[[(3-pentyl-1H-benzimidazol-3-ium-2-yl)amino]methyl]phenol,CCCCC[N+]1=C(NC2=CC=CC=C21)NCC3=C(C=CC(=C3)Br)O,C19H23BrN3O+,2,3,7,4.725800000000004,388.10190087609,24,51.92999999999999,0.4621606008087811,0,Media,0.532,0.3968253968253968,0.8528268303628812,0.7388264719785101
135536422,"(E)-2-(1H-benzimidazol-2-yl)-3-(5-bromo-2,4-dihydroxy-phenyl)prop-2-enenitrile",C1=CC=C2C(=C1)NC(=N2)C(=CC3=CC(=C(C=C3O)O)Br)C#N,C16H10BrN3O2,4,3,2,3.800780000000002,354.99563866000005,22,92.93,0.2367373291724954,0,Media,0.532,0.2205882352941176,0.954882502256294,0.7713089355157501
715151,4-bromo-2-[[(1-methylbenzimidazol-2-yl)amino]methyl]phenol,CN1C2=CC=CC=C2N=C1NCC3=C(C=CC(=C3)Br)O,C15H14BrN3O,4,2,3,3.6535000000000015,331.03202416799996,20,50.08,0.3993610223642173,0,Media,0.53,1.0,0.9999999999999998,0.9999999999999998
1930710,4-bromo-2-[[(3-butyl-1H-benzimidazol-3-ium-2-yl)amino]methyl]phenol,CCCC[N+]1=C(NC2=CC=CC=C21)NCC3=C(C=CC(=C3)Br)O,C18H21BrN3O+,2,3,6,4.335700000000004,374.08625081209,23,51.92999999999999,0.4429039091084152,0,Media,0.53,0.4032258064516129,0.8614717633475384,0.746910274123557
3287580,"2-[(1H-benzimidazol-3-ium-2-ylamino)methyl]-4,6-dichloro-phenolate",C1=CC=C2C(=C1)NC(=[NH+]2)NCC3=C(C(=CC(=C3)Cl)Cl)[O-],C14H11Cl2N3O,2,2,3,2.9745,307.02791733199996,20,65.02,0.3075976622577668,0,Media,0.53,0.1764705882352941,0.8858786368282356,0.7085266246800003
7342845,1-methyl-N-[(3-methyl-2-thienyl)methyl]benzimidazol-2-amine,CC1=C(SC=C1)CNC2=NC3=CC=CC=C3N2C,C14H15N3S,4,1,3,3.555320000000001,257.09866848,18,29.85,0.6030150753768844,0,Media,0.528,0.4807692307692308,0.9343342177253996,0.8209429709863574
870407,1-propyl-N-(2-thienylmethyl)benzimidazol-2-amine,CCCN1C2=CC=CC=C2N=C1NCC3=CC=CS3,C15H17N3S,4,1,5,4.119900000000003,271.114318544,19,29.85,0.6365159128978224,0,Media,0.528,0.3793103448275862,0.9268834429083436,0.7899901683881543
1421231,"2,4-dibromo-6-[[(3-propyl-1H-benzimidazol-3-ium-2-yl)amino]methyl]phenolate",CCC[N+]1=C(NC2=CC=CC=C21)NCC3=C(C(=CC(=C3)Br)Br)[O-],C17H17Br2N3O,2,2,5,4.076100000000003,436.973836364,23,54.75999999999999,0.4200146092037984,0,Media,0.528,0.2463768115942029,0.860817617863789,0.7072074162963925
787406,4-methyl-2-[[(1-methylbenzimidazol-2-yl)amino]methyl]phenol,CC1=CC(=C(C=C1)O)CNC2=NC3=CC=CC=C3N2C,C16H17N3O,4,2,3,3.199420000000001,267.137162164,20,50.08,0.3993610223642173,0,Media,0.526,0.7555555555555555,0.989904033335073,0.9313169138901936
3750653,4-bromo-2-[[(1-pentylbenzimidazol-2-yl)amino]methyl]phenol,CCCCCN1C2=CC=CC=C2N=C1NCC3=C(C=CC(=C3)Br)O,C19H22BrN3O,4,2,7,5.306700000000005,387.094624424,24,50.08,0.4792332268370607,1,Media,0.526,0.7254901960784313,0.9614114496356688,0.9024311362463596
797259,N-[(2-chlorophenyl)methyl]-1-ethyl-benzimidazol-2-amine,CCN1C2=CC=CC=C2N=C1NCC3=CC=CC=C3Cl,C16H16ClN3,3,1,4,4.3217000000000025,285.10327519199996,20,29.85,0.6700167504187604,0,Media,0.526,0.4259259259259259,0.9473913355664711,0.8170249831563349
4268796,4-bromo-2-[[(3-ethyl-1H-benzimidazol-3-ium-2-yl)amino]methyl]phenolate,CC[N+]1=C(NC2=CC=CC=C21)NCC3=C(C=CC(=C3)Br)[O-],C16H16BrN3O,2,2,4,2.9235000000000007,345.04767423199996,21,54.75999999999999,0.383491599707816,0,Media,0.526,0.296875,0.8968595518191154,0.7468634138643365
2901770,4-bromo-2-[[(1-butylbenzimidazol-2-yl)amino]methyl]phenol,CCCCN1C2=CC=CC=C2N=C1NCC3=C(C=CC(=C3)Br)O,C18H20BrN3O,4,2,6,4.916600000000004,373.07897436,23,50.08,0.4592651757188498,0,Media,0.522,0.74,0.9764216872607808,0.9173162654455856
16488536,1-methyl-N-(o-tolylmethyl)benzimidazol-2-amine,CC1=CC=CC=C1CNC2=NC3=CC=CC=C3N2C,C16H17N3,3,1,3,3.4938200000000013,251.142247544,19,29.85,0.6365159128978224,0,Media,0.522,0.5869565217391305,0.9700912574920132,0.8743075735537924
4268797,4-bromo-2-[[(3-ethyl-1H-benzimidazol-3-ium-2-yl)amino]methyl]phenol,CC[N+]1=C(NC2=CC=CC=C21)NCC3=C(C=CC(=C3)Br)O,C16H17BrN3O+,2,3,4,3.5555000000000025,346.05495068409,21,51.92999999999999,0.4043905257076834,0,Media,0.522,0.4310344827586206,0.868799207233248,0.7593580261145911
23604684,4-[[(1-allylbenzimidazol-2-yl)amino]methyl]phenol,C=CCN1C2=CC=CC=C2N=C1NCC3=CC=C(C=C3)O,C17H17N3O,4,2,5,3.5400000000000023,279.137162164,21,50.08,0.4193290734824281,0,Media,0.52,0.3859649122807017,0.987699059090775,0.8372655223882567
749150,1-ethyl-N-(2-thienylmethyl)benzimidazol-2-amine,CCN1C2=CC=CC=C2N=C1NCC3=CC=CS3,C14H15N3S,4,1,4,3.729800000000002,257.09866848,18,29.85,0.6030150753768844,0,Media,0.52,0.3684210526315789,0.9299212550779185,0.7895462044663335
787412,4-bromo-2-[[(1-ethylbenzimidazol-2-yl)amino]methyl]phenol,CCN1C2=CC=CC=C2N=C1NCC3=C(C=CC(=C3)Br)O,C16H16BrN3O,4,2,4,4.136400000000003,345.04767423199996,21,50.08,0.4193290734824281,0,Media,0.518,0.7659574468085106,0.996762608195245,0.9390613178485614
2902650,2-[[(1-butylbenzimidazol-2-yl)amino]methyl]-4-methyl-phenol,CCCCN1C2=CC=CC=C2N=C1NCC3=C(C=CC(=C3)C)O,C19H23N3O,4,2,6,4.462520000000005,309.184112356,23,50.08,0.4592651757188498,0,Media,0.518,0.5636363636363636,0.9788493522043062,0.8750461050623206
7342846,1-ethyl-N-[(3-methyl-2-thienyl)methyl]benzimidazol-2-amine,CCN1C2=CC=CC=C2N=C1NCC3=C(C=CS3)C,C15H17N3S,4,1,4,4.038220000000003,271.114318544,19,29.85,0.6365159128978224,0,Media,0.516,0.3559322033898305,0.9344785802146052,0.7898419860084115
3698749,"2,4-dibromo-6-[[(1-pentylbenzimidazol-2-yl)amino]methyl]phenol",CCCCCN1C2=CC=CC=C2N=C1NCC3=C(C(=CC(=C3)Br)Br)O,C19H21Br2N3O,4,2,7,6.069200000000005,465.0051364920001,25,50.08,0.4992012779552716,1,Media,0.514,0.5344827586206896,0.935045678295887,0.8349049483770876
787408,2-[[(1-ethylbenzimidazol-2-yl)amino]methyl]-4-methyl-phenol,CCN1C2=CC=CC=C2N=C1NCC3=C(C=CC(=C3)C)O,C17H19N3O,4,2,4,3.682320000000002,281.152812228,21,50.08,0.4193290734824281,0,Media,0.512,0.5769230769230769,0.9920914737898928,0.8882993745731889
15669711,2-methoxy-4-[[(1-methylbenzimidazol-2-yl)amino]methyl]phenol,CN1C2=CC=CC=C2N=C1NCC3=CC(=C(C=C3)O)OC,C16H17N3O2,5,2,4,2.8996000000000004,283.132076784,21,59.31,0.3540718259989883,0,Media,0.512,0.5769230769230769,0.9793995967006722,0.8787804667562733
163325514,"2,4-dibromo-6-[[(1-methylbenzimidazol-2-yl)amino]methyl]phenol;hydrochloride",CN1C2=CC=CC=C2N=C1NCC3=C(C(=CC(=C3)Br)Br)O.Cl,C15H14Br2ClN3O,4,2,3,4.837800000000003,444.91921394799994,22,50.08,0.4392971246006389,0,Media,0.51,0.7083333333333334,0.971818341240516,0.9059470892637204
3736134,"2,4-dibromo-6-[[(1-butylbenzimidazol-2-yl)amino]methyl]phenol",CCCCN1C2=CC=CC=C2N=C1NCC3=C(C(=CC(=C3)Br)Br)O,C18H19Br2N3O,4,2,6,5.6791000000000045,450.9894864280001,24,50.08,0.4792332268370607,1,Media,0.51,0.543859649122807,0.9512069693426688,0.8493701392877034
2902912,1-[[(1-butylbenzimidazol-2-yl)amino]methyl]naphthalen-2-ol,CCCCN1C2=CC=CC=C2N=C1NCC3=C(C=CC4=CC=CC=C43)O,C22H23N3O,4,2,6,5.307300000000005,345.184112356,26,50.08,0.5191693290734825,1,Media,0.51,0.4576271186440678,0.9574008567068164,0.8324574221911294
5243778,5-bromo-2-(difluoromethoxy)-N-(1-propylbenzimidazol-2-yl)benzamide,CCCN1C2=CC=CC=C2N=C1NC(=O)C3=C(C=CC(=C3)Br)OC(F)F,C18H16BrF2N3O2,4,1,6,5.062500000000003,423.03939529199994,26,56.150000000000006,0.4630454140694567,1,Media,0.51,0.3823529411764705,0.897365903767583,0.7686126631198048
135533472,(E)-2-(1H-benzimidazol-2-yl)-3-(5-bromo-2-hydroxy-phenyl)prop-2-enenitrile,C1=CC=C2C(=C1)NC(=N2)C(=CC3=C(C=CC(=C3)Br)O)C#N,C16H10BrN3O,3,2,2,4.095180000000003,339.00072403999997,21,72.69999999999999,0.2888583218707015,0,Media,0.51,0.296875,0.9473492855888836,0.7847307141916627
137658072,2-[[(1R)-1-(3-chlorophenyl)ethyl]amino]-1H-benzimidazol-4-ol,CC(C1=CC(=CC=C1)Cl)NC2=NC3=C(N2)C=CC=C3O,C15H14ClN3O,3,3,3,4.095000000000002,287.08253974799993,20,60.94,0.3281916639317361,0,Media,0.51,0.1739130434782608,0.9374777516758298,0.7465865746264375
1341123,4-bromo-2-[[(1-propylbenzimidazol-2-yl)amino]methyl]phenol,CCCN1C2=CC=CC=C2N=C1NCC3=C(C=CC(=C3)Br)O,C17H18BrN3O,4,2,5,4.526500000000003,359.06332429599996,22,50.08,0.4392971246006389,0,Media,0.508,0.7708333333333334,0.9885494212048194,0.934120399236948
23604679,1-ethyl-N-[(2-fluorophenyl)methyl]benzimidazol-2-amine,CCN1C2=CC=CC=C2N=C1NCC3=CC=CC=C3F,C16H16FN3,3,1,4,3.807400000000002,269.132825732,20,29.85,0.6700167504187604,0,Media,0.508,0.4259259259259259,0.9572211202386895,0.8243973216604986
23604683,N-[(3-methyl-2-thienyl)methyl]-1-propyl-benzimidazol-2-amine,CCCN1C2=CC=CC=C2N=C1NCC3=C(C=CS3)C,C16H19N3S,4,1,5,4.428320000000003,285.129968608,20,29.85,0.6700167504187604,0,Media,0.508,0.3666666666666666,0.926704103103506,0.7866947439942961
16012603,N-[(2-fluorophenyl)methyl]-1-propyl-benzimidazol-2-amine,CCCN1C2=CC=CC=C2N=C1NCC3=CC=CC=C3F,C17H18FN3,3,1,5,4.197500000000003,283.148475796,21,29.85,0.7035175879396984,0,Media,0.506,0.4363636363636363,0.9320576065078032,0.8081341139717615
136683335,1-[3-(1H-benzimidazol-2-ylazo)-4-hydroxy-phenyl]ethanone,CC(=O)C1=CC(=C(C=C1)O)N=NC2=NC3=CC=CC=C3N2,C15H12N4O2,5,2,3,3.8865000000000016,280.096025624,21,90.7,0.2315325248070562,0,Media,0.506,0.2307692307692307,0.9526392134291004,0.772171717764133
934353,1-ethyl-N-(1-naphthylmethyl)benzimidazol-2-amine,CCN1C2=CC=CC=C2N=C1NCC3=CC=CC4=CC=CC=C43,C20H19N3,3,1,4,4.821500000000003,301.15789760800004,23,29.85,0.7705192629815745,0,Media,0.504,0.4181818181818181,0.907123615978706,0.784888166529484
2901315,2-[[(1-butylbenzimidazol-2-yl)amino]methyl]phenol,CCCCN1C2=CC=CC=C2N=C1NCC3=CC=CC=C3O,C18H21N3O,4,2,6,4.154100000000003,295.168462292,22,50.08,0.4392971246006389,0,Media,0.502,0.5283018867924528,0.98186560678583,0.8684746767874857
1421232,"2,4-dibromo-6-[[(3-propyl-1H-benzimidazol-3-ium-2-yl)amino]methyl]phenol",CCC[N+]1=C(NC2=CC=CC=C21)NCC3=C(C(=CC(=C3)Br)Br)O,C17H18Br2N3O+,2,3,5,4.7081000000000035,437.98111281609,23,51.92999999999999,0.4429039091084152,0,Media,0.502,0.2835820895522388,0.8571541926075419,0.7137611668437162
828729,N-(2-furylmethyl)-1-methyl-benzimidazol-2-amine,CN1C2=CC=CC=C2N=C1NCC3=CC=CO3,C13H13N3O,4,1,3,2.7784000000000004,227.105862036,17,42.99,0.3954408001860898,0,Media,0.5,0.5,0.9290209438393902,0.8217657078795426
16012604,N-(o-tolylmethyl)-1-propyl-benzimidazol-2-amine,CCCN1C2=CC=CC=C2N=C1NCC3=CC=CC=C3C,C18H21N3,3,1,5,4.366820000000003,279.17354767200004,21,29.85,0.7035175879396984,0,Media,0.5,0.4444444444444444,0.9274227646664076,0.8066781846109168
16488537,1-ethyl-N-(o-tolylmethyl)benzimidazol-2-amine,CCN1C2=CC=CC=C2N=C1NCC3=CC=CC=C3C,C17H19N3,3,1,4,3.976720000000002,265.157897608,20,29.85,0.6700167504187604,0,Media,0.5,0.4339622641509434,0.9525699432404038,0.8229180234680388
168266507,2-[(1H-benzimidazol-2-ylamino)methyl]-6-tert-butyl-phenol,CC(C)(C)C1=CC=CC(=C1O)CNC2=NC3=CC=CC=C3N2,C18H21N3O,3,3,3,4.178100000000002,295.168462292,22,60.94,0.3610108303249097,0,Media,0.5,0.2857142857142857,0.9385874247414726,0.7753691399846758
1421252,"2,4-dibromo-6-[[(3-ethyl-1H-benzimidazol-3-ium-2-yl)amino]methyl]phenolate",CC[N+]1=C(NC2=CC=CC=C21)NCC3=C(C(=CC(=C3)Br)Br)[O-],C16H15Br2N3O,2,2,4,3.6860000000000017,422.9581863,22,54.75999999999999,0.4017531044558072,0,Media,0.5,0.2537313432835821,0.8738935137154271,0.7188529711074658
715140,2-[[(1-ethylbenzimidazol-2-yl)amino]methyl]phenol,CCN1C2=CC=CC=C2N=C1NCC3=CC=CC=C3O,C16H17N3O,4,2,4,3.373900000000002,267.137162164,20,50.08,0.3993610223642173,0,Baja,0.498,0.54,0.9890694486773344,0.8768020865080008
787416,1-[(1H-benzimidazol-2-ylamino)methyl]naphthalen-2-ol,C1=CC=C2C(=C1)C=CC(=C2CNC3=NC4=CC=CC=C4N3)O,C18H15N3O,3,3,3,4.033800000000003,289.1215121,22,60.94,0.3610108303249097,0,Baja,0.498,0.3,0.9373861801620664,0.7780396351215497
1930357,"2,4-dibromo-6-[[(3-butyl-1H-benzimidazol-3-ium-2-yl)amino]methyl]phenol",CCCC[N+]1=C(NC2=CC=CC=C21)NCC3=C(C(=CC(=C3)Br)Br)O,C18H20Br2N3O+,2,3,6,5.098200000000004,451.99676288009,24,51.92999999999999,0.4621606008087811,1,Baja,0.498,0.2753623188405797,0.8485064323066428,0.705220403940127
5258074,N-(1-benzylbenzimidazol-2-yl)-5-bromo-2-(difluoromethoxy)benzamide,C1=CC=C(C=C1)CN2C3=CC=CC=C3N=C2NC(=O)C4=C(C=CC(=C4)Br)OC(F)F,C22H16BrF2N3O2,4,1,6,5.700800000000003,471.03939529199994,30,56.150000000000006,0.5342831700801424,1,Baja,0.496,0.3428571428571428,0.8506901456765212,0.7237318949716767
715137,2-[[(1-methylbenzimidazol-2-yl)amino]methyl]phenol,CN1C2=CC=CC=C2N=C1NCC3=CC=CC=C3O,C15H15N3O,4,2,3,2.8910000000000013,253.1215121,19,50.08,0.3793929712460064,0,Baja,0.494,0.7209302325581395,0.9826165918678008,0.9171950020403856
715142,2-[[(1-propylbenzimidazol-2-yl)amino]methyl]phenol,CCCN1C2=CC=CC=C2N=C1NCC3=CC=CC=C3O,C17H19N3O,4,2,5,3.7640000000000025,281.152812228,21,50.08,0.4193290734824281,0,Baja,0.492,0.5490196078431373,0.9882375323433544,0.8784330512183001
135458800,4-chloro-2-[(E)-C-methyl-N-(1-methylbenzimidazol-2-yl)carbonimidoyl]phenol,CC(=NC1=NC2=CC=CC=C2N1C)C3=C(C=CC(=C3)Cl)O,C16H14ClN3O,4,1,2,4.073000000000003,299.08253974799993,21,50.41,0.4165840111089069,0,Baja,0.492,0.3728813559322034,0.9559322511475454,0.81016952734371
914450,4-chloro-2-[C-methyl-N-(1-methylbenzimidazol-2-yl)carbonimidoyl]phenol,CC(=NC1=NC2=CC=CC=C2N1C)C3=C(C=CC(=C3)Cl)O,C16H14ClN3O,4,1,2,4.073000000000003,299.08253974799993,21,50.41,0.4165840111089069,0,Baja,0.492,0.3728813559322034,0.9559322511475454,0.81016952734371
715201,2-methoxy-6-[[(1-methylbenzimidazol-2-yl)amino]methyl]phenol,CN1C2=CC=CC=C2N=C1NCC3=C(C(=CC=C3)OC)O,C16H17N3O2,5,2,4,2.899600000000001,283.132076784,21,59.31,0.3540718259989883,0,Baja,0.49,0.5576923076923077,0.9793995967006722,0.873972774448581
3645879,"2,4-dibromo-6-[[(1-ethylbenzimidazol-2-yl)amino]methyl]phenol",CCN1C2=CC=CC=C2N=C1NCC3=C(C(=CC(=C3)Br)Br)O,C16H15Br2N3O,4,2,4,4.898900000000003,422.9581863,22,50.08,0.4392971246006389,0,Baja,0.49,0.5555555555555556,0.9774912035621875,0.8720072915605297
924071,N-(2-furylmethyl)-1-propyl-benzimidazol-2-amine,CCCN1C2=CC=CC=C2N=C1NCC3=CC=CO3,C15H17N3O,4,1,5,3.6514000000000015,255.137162164,19,42.99,0.4419632472668062,0,Baja,0.49,0.3793103448275862,0.9424607736557192,0.801673166448686
5020742,"2,4-dibromo-6-[[(3-isopropyl-1H-benzimidazol-3-ium-2-yl)amino]methyl]phenolate",CC(C)[N+]1=C(NC2=CC=CC=C21)NCC3=C(C(=CC(=C3)Br)Br)[O-],C17H17Br2N3O,2,2,4,4.2470000000000026,436.973836364,23,54.75999999999999,0.4200146092037984,0,Baja,0.49,0.25,0.8634019845773043,0.7100514884329783
3810675,"2,4-dibromo-6-[[(1-methylbenzimidazol-2-yl)amino]methyl]phenol",CN1C2=CC=CC=C2N=C1NCC3=C(C(=CC(=C3)Br)Br)O,C15H13Br2N3O,4,2,3,4.416000000000002,408.942536236,21,50.08,0.4193290734824281,0,Baja,0.486,0.723404255319149,0.9864488213723664,0.920687679859062
9114635,2-[2-(benzylamino)benzimidazol-1-yl]acetamide,C1=CC=C(C=C1)CNC2=NC3=CC=CC=C3N2CC(=O)N,C16H16N4O,4,2,5,2.1336999999999997,280.132411132,21,72.94,0.2879078694817658,0,Baja,0.484,0.375,0.9568150430130536,0.8113612822597902
924295,1-ethyl-N-(2-furylmethyl)benzimidazol-2-amine,CCN1C2=CC=CC=C2N=C1NCC3=CC=CO3,C14H15N3O,4,1,4,3.261300000000001,241.1215121,18,42.99,0.418702023726448,0,Baja,0.484,0.3684210526315789,0.9410460057945832,0.7978897675038321
3550264,"2,4-dibromo-6-[[(1-propylbenzimidazol-2-yl)amino]methyl]phenol",CCCN1C2=CC=CC=C2N=C1NCC3=C(C(=CC(=C3)Br)Br)O,C17H17Br2N3O,4,2,5,5.289000000000003,436.973836364,23,50.08,0.4592651757188498,1,Baja,0.48,0.5636363636363636,0.965615430616776,0.865120663871673
715158,1-[[(1-propylbenzimidazol-2-yl)amino]methyl]naphthalen-2-ol,CCCN1C2=CC=CC=C2N=C1NCC3=C(C=CC4=CC=CC=C43)O,C21H21N3O,4,2,5,4.917200000000005,331.168462292,25,50.08,0.4992012779552716,0,Baja,0.472,0.4736842105263157,0.971460079588698,0.8470161123231026
2902875,4-chloro-2-[1-[(1-ethylbenzimidazol-2-yl)amino]ethyl]phenol,CCN1C2=CC=CC=C2N=C1NC(C)C3=C(C=CC(=C3)Cl)O,C17H18ClN3O,4,2,4,4.588300000000004,315.11383987599993,22,50.08,0.4392971246006389,0,Baja,0.466,0.3709677419354839,0.9909957292415736,0.8359887324150512
135576898,4-chloro-2-[(E)-N-(1-ethylbenzimidazol-2-yl)-C-methyl-carbonimidoyl]phenol,CCN1C2=CC=CC=C2N=C1N=C(C)C3=C(C=CC(=C3)Cl)O,C17H16ClN3O,4,1,3,4.555900000000004,313.09818981199993,22,50.41,0.4364213449712359,0,Baja,0.466,0.3125,0.9494412155211698,0.7902059116408773
3780477,"2-(1H-benzimidazol-2-yl)-3-(3,5-dibromo-2-hydroxy-phenyl)prop-2-enenitrile",C1=CC=C2C(=C1)NC(=N2)C(=CC3=C(C(=CC(=C3)Br)Br)O)C#N,C16H9Br2N3O,3,2,2,4.857680000000002,416.911236108,22,72.69999999999999,0.3026134800550207,0,Baja,0.466,0.217391304347826,0.9311588187829464,0.7527169401741662
1421253,"2,4-dibromo-6-[[(3-ethyl-1H-benzimidazol-3-ium-2-yl)amino]methyl]phenol",CC[N+]1=C(NC2=CC=CC=C21)NCC3=C(C(=CC(=C3)Br)Br)O,C16H16Br2N3O+,2,3,4,4.318000000000003,423.96546275209,22,51.92999999999999,0.4236472174080493,0,Baja,0.464,0.2923076923076923,0.8631091570562803,0.7204087908691332
2901591,4-chloro-2-[1-[(1-methylbenzimidazol-2-yl)amino]ethyl]phenol,CC(C1=C(C=CC(=C1)Cl)O)NC2=NC3=CC=CC=C3N2C,C16H16ClN3O,4,2,3,4.105400000000002,301.09818981200004,21,50.08,0.4193290734824281,0,Baja,0.462,0.4464285714285714,0.9960089839614394,0.8586138808282225
16488539,4-[[(1-ethylbenzimidazol-2-yl)amino]methyl]phenol,CCN1C2=CC=CC=C2N=C1NCC3=CC=C(C=C3)O,C16H17N3O,4,2,4,3.373900000000002,267.137162164,20,50.08,0.3993610223642173,0,Baja,0.456,0.4339622641509434,0.9890694486773344,0.8502926525457367
135501443,(E)-2-(1H-benzimidazol-2-yl)-3-(2-hydroxyphenyl)prop-2-enenitrile,C1=CC=C(C(=C1)C=C(C#N)C2=NC3=CC=CC=C3N2)O,C16H11N3O,3,2,2,3.332680000000002,261.090211972,20,72.7,0.2751031636863824,0,Baja,0.456,0.1846153846153846,0.9357731982517378,0.7479837448426494
3116456,4-methyl-2-(1-methylbenzimidazol-2-yl)azo-phenol,CC1=CC(=C(C=C1)O)N=NC2=NC3=CC=CC=C3N2C,C15H14N4O,5,1,2,4.002720000000003,266.116761068,20,62.77,0.31862354628007,0,Baja,0.45,0.3928571428571428,0.9223205031045276,0.7899546630426815
126665,"4-(1H-benzimidazol-2-ylazo)benzene-1,3-diol",C1=CC=C2C(=C1)NC(=N2)N=NC3=C(C=C(C=C3)O)O,C13H10N4O2,5,3,2,3.389500000000001,254.08037556,19,93.86,0.2024291497975708,0,Baja,0.448,0.2131147540983606,0.9514408967010428,0.7668593610503722
12425556,"(1,3-dimethylbenzimidazol-2-ylidene)-phenylimino-ammonium",CN1C2=CC=CC=C2N(C1=[N+]=NC3=CC=CC=C3)C,C15H15N4+,3,0,1,2.4096,251.12912290009,19,36.32,0.5231277533039648,0,Baja,0.448,0.2037037037037037,0.7933290907655879,0.6459227440001168
787417,1-[[(1-methylbenzimidazol-2-yl)amino]methyl]naphthalen-2-ol,CN1C2=CC=CC=C2N=C1NCC3=C(C=CC4=CC=CC=C43)O,C19H17N3O,4,2,3,4.044200000000004,303.137162164,23,50.08,0.4592651757188498,0,Baja,0.446,0.5918367346938775,0.9896028219544404,0.8901613001392997
4744126,N-benzyl-1H-benzimidazol-3-ium-2-amine,C1=CC=C(C=C1)CNC2=[NH+]C3=CC=CC=C3N2,C14H14N3+,1,2,3,2.5941,224.11822386809,17,41.96,0.4051477597712106,0,Baja,0.432,0.15,0.7031607004682322,0.5648705253511741
5020743,"2,4-dibromo-6-[[(3-isopropyl-1H-benzimidazol-3-ium-2-yl)amino]methyl]phenol",CC(C)[N+]1=C(NC2=CC=CC=C21)NCC3=C(C(=CC(=C3)Br)Br)O,C17H18Br2N3O+,2,3,4,4.879000000000003,437.98111281609,23,51.92999999999999,0.4429039091084152,0,Baja,0.422,0.2878787878787879,0.857908864029034,0.7154013449914725
135495771,(E)-3-(2-hydroxyphenyl)-2-(6-methyl-1H-benzimidazol-2-yl)prop-2-enenitrile,CC1=CC2=C(C=C1)N=C(N2)C(=CC3=CC=CC=C3O)C#N,C17H13N3O,3,2,2,3.641100000000002,275.105862036,21,72.69999999999999,0.2888583218707015,0,Baja,0.416,0.1884057971014492,0.9398373051967536,0.7519794281729275
2991946,1-methyl-2-(2-phenylethyl)benzimidazole,CN1C2=CC=CC=C2N=C1CCC3=CC=CC=C3,C16H16N2,2,0,3,3.358500000000002,236.131348512,18,17.82,1.0101010101010102,0,Baja,0.412,0.3529411764705882,0.6857418230934006,0.6025416614376975
1415690,"2-[(1H-benzimidazol-3-ium-2-ylamino)methyl]-4,6-dibromo-phenolate",C1=CC=C2C(=C1)NC(=[NH+]2)NCC3=C(C(=CC(=C3)Br)Br)[O-],C14H11Br2N3O,2,2,3,3.1927000000000003,394.926886172,20,65.02,0.3075976622577668,0,Baja,0.41,0.25,0.8773239672194846,0.7204929754146134
101887178,"1,5,6-trimethyl-2-(2-phenylethyl)benzimidazole",CC1=CC2=C(C=C1C)N(C(=N2)CCC3=CC=CC=C3)C,C18H20N2,2,0,3,3.975340000000003,264.16264864,20,17.82,1.122334455667789,0,Baja,0.396,0.2586206896551724,0.6501989777046682,0.5523044056922942
2849792,1-(1-methylbenzimidazol-2-yl)azonaphthalen-2-ol,CN1C2=CC=CC=C2N=C1N=NC3=C(C=CC4=CC=CC=C43)O,C18H14N4O,5,1,2,4.847500000000004,302.11676106799996,23,62.77,0.3664170782220806,0,Baja,0.377,0.3684210526315789,0.924807588834086,0.7857109547834591
135063402,1-methyl-2-[2-(o-tolyl)ethyl]benzimidazole,CC1=CC=CC=C1CCC2=NC3=CC=CC=C3N2C,C17H18N2,2,0,3,3.666920000000003,250.146998576,19,17.82,1.0662177328843996,0,Baja,0.374,0.3584905660377358,0.6719104963282009,0.5935555137555847
2902386,2-[1-[(1-ethylbenzimidazol-2-yl)amino]ethyl]phenol,CCN1C2=CC=CC=C2N=C1NC(C)C3=CC=CC=C3O,C17H19N3O,4,2,4,3.934900000000003,281.152812228,21,50.08,0.4193290734824281,0,Baja,0.364,0.3620689655172414,0.9917157250769316,0.8343040351870091
873059,2-[(1-methylbenzimidazol-2-yl)methylamino]phenol,CN1C2=CC=CC=C2N=C1CNC3=CC=CC=C3O,C15H15N3O,4,2,3,2.8910000000000013,253.1215121,19,50.08,0.3793929712460064,0,Baja,0.358,0.4705882352941176,0.9826165918678008,0.8546095027243801
2991806,1-ethyl-2-(2-phenylethyl)benzimidazole,CCN1C2=CC=CC=C2N=C1CCC3=CC=CC=C3,C17H18N2,2,0,4,3.841400000000003,250.146998576,19,17.82,1.0662177328843996,0,Baja,0.344,0.2678571428571428,0.6437168035466909,0.5497518883743039
11550553,N-indan-1-yl-1H-benzimidazol-2-amine,C1CC2=CC=CC=C2C1NC3=NC4=CC=CC=C4N3,C16H15N3,2,2,2,3.662300000000002,249.12659748,19,40.71,0.4667157946450503,0,Baja,0.314,0.1515151515151515,0.8980142903925297,0.7113895056731852
